id,section,section_title,source_line,problem,status,disposition,evidence
A1,A,PROBLEM DEFINITION,21,"Problem is currently too narrowly framed as defect localization. Need to define whether the system must detect, localize, classify, quantify, track and assess structural damage.",partially_mitigated,A bounded software mechanism or test exists; broader robustness/generalization remains open.,backend/app/assurance/monitor.py; backend/app/decision/loss.py
A2,A,PROBLEM DEFINITION,25,No explicit distinction between: - anomaly detection - damage detection - damage localization - damage classification - damage quantification - structural integrity assessment.,implemented_and_tested,Executable software control; scope remains research-only.,backend/app/assurance/monitor.py; backend/app/decision/loss.py
A3,A,PROBLEM DEFINITION,33,No-defect / healthy condition may not be explicitly modeled.,implemented_and_tested,Executable software control; scope remains research-only.,backend/app/assurance/monitor.py; backend/app/decision/loss.py
A4,A,PROBLEM DEFINITION,35,Unknown defect types may not be represented.,partially_mitigated,A bounded software mechanism or test exists; broader robustness/generalization remains open.,backend/app/assurance/monitor.py; backend/app/decision/loss.py
A5,A,PROBLEM DEFINITION,37,Multiple simultaneous defects are not adequately represented.,partially_mitigated,A bounded software mechanism or test exists; broader robustness/generalization remains open.,backend/app/assurance/monitor.py; backend/app/decision/loss.py
A6,A,PROBLEM DEFINITION,39,Defect geometry may be oversimplified to a point/location.,partially_mitigated,A bounded software mechanism or test exists; broader robustness/generalization remains open.,backend/app/assurance/monitor.py; backend/app/decision/loss.py
A7,A,PROBLEM DEFINITION,41,Defects may have arbitrary shapes.,partially_mitigated,A bounded software mechanism or test exists; broader robustness/generalization remains open.,backend/app/assurance/monitor.py; backend/app/decision/loss.py
A8,A,PROBLEM DEFINITION,43,Defect orientation may matter.,partially_mitigated,A bounded software mechanism or test exists; broader robustness/generalization remains open.,backend/app/assurance/monitor.py; backend/app/decision/loss.py
A9,A,PROBLEM DEFINITION,45,Defect depth may matter.,partially_mitigated,A bounded software mechanism or test exists; broader robustness/generalization remains open.,backend/app/assurance/monitor.py; backend/app/decision/loss.py
A10,A,PROBLEM DEFINITION,47,Defect through-thickness position may matter.,partially_mitigated,A bounded software mechanism or test exists; broader robustness/generalization remains open.,backend/app/assurance/monitor.py; backend/app/decision/loss.py
A11,A,PROBLEM DEFINITION,49,Defect size may matter.,partially_mitigated,A bounded software mechanism or test exists; broader robustness/generalization remains open.,backend/app/assurance/monitor.py; backend/app/decision/loss.py
A12,A,PROBLEM DEFINITION,51,Defect severity may matter.,partially_mitigated,A bounded software mechanism or test exists; broader robustness/generalization remains open.,backend/app/assurance/monitor.py; backend/app/decision/loss.py
A13,A,PROBLEM DEFINITION,53,Defect evolution over time is not modeled.,partially_mitigated,A bounded software mechanism or test exists; broader robustness/generalization remains open.,backend/app/assurance/monitor.py; backend/app/decision/loss.py
A14,A,PROBLEM DEFINITION,55,Progressive fatigue damage is not modeled.,partially_mitigated,A bounded software mechanism or test exists; broader robustness/generalization remains open.,backend/app/assurance/monitor.py; backend/app/decision/loss.py
A15,A,PROBLEM DEFINITION,57,Damage initiation is not modeled.,partially_mitigated,A bounded software mechanism or test exists; broader robustness/generalization remains open.,backend/app/assurance/monitor.py; backend/app/decision/loss.py
A16,A,PROBLEM DEFINITION,59,Damage propagation is not modeled.,partially_mitigated,A bounded software mechanism or test exists; broader robustness/generalization remains open.,backend/app/assurance/monitor.py; backend/app/decision/loss.py
A17,A,PROBLEM DEFINITION,61,Repair state is not modeled.,partially_mitigated,A bounded software mechanism or test exists; broader robustness/generalization remains open.,backend/app/assurance/monitor.py; backend/app/decision/loss.py
A18,A,PROBLEM DEFINITION,63,Previously detected damage history may not influence future inference.,partially_mitigated,A bounded software mechanism or test exists; broader robustness/generalization remains open.,backend/app/assurance/monitor.py; backend/app/decision/loss.py
A19,A,PROBLEM DEFINITION,65,Structural load state may not be part of the latent state.,partially_mitigated,A bounded software mechanism or test exists; broader robustness/generalization remains open.,backend/app/assurance/monitor.py; backend/app/decision/loss.py
A20,A,PROBLEM DEFINITION,67,Operating condition may not be part of the problem definition.,partially_mitigated,A bounded software mechanism or test exists; broader robustness/generalization remains open.,backend/app/assurance/monitor.py; backend/app/decision/loss.py
A21,A,PROBLEM DEFINITION,69,Inspection objective may change by application.,partially_mitigated,A bounded software mechanism or test exists; broader robustness/generalization remains open.,backend/app/assurance/monitor.py; backend/app/decision/loss.py
A22,A,PROBLEM DEFINITION,71,Detection objective and localization objective can conflict.,partially_mitigated,A bounded software mechanism or test exists; broader robustness/generalization remains open.,backend/app/assurance/monitor.py; backend/app/decision/loss.py
A23,A,PROBLEM DEFINITION,73,Localization accuracy alone does not necessarily imply engineering usefulness.,partially_mitigated,A bounded software mechanism or test exists; broader robustness/generalization remains open.,backend/app/assurance/monitor.py; backend/app/decision/loss.py
A24,A,PROBLEM DEFINITION,75,There is no explicit decision layer translating prediction into an engineering action.,implemented_and_tested,Executable software control; scope remains research-only.,backend/app/assurance/monitor.py; backend/app/decision/loss.py
A25,A,PROBLEM DEFINITION,78,"No explicit definition of what constitutes a ""safe"" inspection result.",partially_mitigated,A bounded software mechanism or test exists; broader robustness/generalization remains open.,backend/app/assurance/monitor.py; backend/app/decision/loss.py
A26,A,PROBLEM DEFINITION,80,No explicit definition of when human intervention is mandatory.,implemented_and_tested,Executable software control; scope remains research-only.,backend/app/assurance/monitor.py; backend/app/decision/loss.py
A27,A,PROBLEM DEFINITION,82,No explicit definition of acceptable false-negative rate.,partially_mitigated,A bounded software mechanism or test exists; broader robustness/generalization remains open.,backend/app/assurance/monitor.py; backend/app/decision/loss.py
A28,A,PROBLEM DEFINITION,84,No explicit definition of acceptable false-positive rate.,partially_mitigated,A bounded software mechanism or test exists; broader robustness/generalization remains open.,backend/app/assurance/monitor.py; backend/app/decision/loss.py
A29,A,PROBLEM DEFINITION,86,No explicit definition of inspection cost.,implemented_and_tested,Executable software control; scope remains research-only.,backend/app/assurance/monitor.py; backend/app/decision/loss.py
A30,A,PROBLEM DEFINITION,88,No explicit definition of safety risk.,implemented_and_tested,Executable software control; scope remains research-only.,backend/app/assurance/monitor.py; backend/app/decision/loss.py
A31,A,PROBLEM DEFINITION,90,No explicit definition of operational downtime.,partially_mitigated,A bounded software mechanism or test exists; broader robustness/generalization remains open.,backend/app/assurance/monitor.py; backend/app/decision/loss.py
A32,A,PROBLEM DEFINITION,92,No explicit definition of acceptable inference latency.,implemented_and_tested,Executable software control; scope remains research-only.,backend/app/assurance/monitor.py; backend/app/decision/loss.py
A33,A,PROBLEM DEFINITION,94,No explicit definition of inspection coverage.,partially_mitigated,A bounded software mechanism or test exists; broader robustness/generalization remains open.,backend/app/assurance/monitor.py; backend/app/decision/loss.py
A34,A,PROBLEM DEFINITION,96,No explicit definition of minimum detectable damage size.,partially_mitigated,A bounded software mechanism or test exists; broader robustness/generalization remains open.,backend/app/assurance/monitor.py; backend/app/decision/loss.py
A35,A,PROBLEM DEFINITION,98,No explicit definition of probability of detection (POD).,partially_mitigated,A bounded software mechanism or test exists; broader robustness/generalization remains open.,backend/app/assurance/monitor.py; backend/app/decision/loss.py
B1,B,PHYSICS MODEL PROBLEMS,104,Simplified wave propagation model.,requires_physical_validation,Cannot be closed honestly without representative hardware/panels and independent ground truth.,backend/app/simulation/physics.py; docs/SCIENTIFIC_MODEL.md; docs/LIMITATIONS.md
B2,B,PHYSICS MODEL PROBLEMS,106,Constant wave velocity assumption can be unrealistic.,requires_physical_validation,Cannot be closed honestly without representative hardware/panels and independent ground truth.,backend/app/simulation/physics.py; docs/SCIENTIFIC_MODEL.md; docs/LIMITATIONS.md
B3,B,PHYSICS MODEL PROBLEMS,108,Composite materials are anisotropic.,requires_physical_validation,Cannot be closed honestly without representative hardware/panels and independent ground truth.,backend/app/simulation/physics.py; docs/SCIENTIFIC_MODEL.md; docs/LIMITATIONS.md
B4,B,PHYSICS MODEL PROBLEMS,110,Wave velocity can depend on propagation direction.,requires_physical_validation,Cannot be closed honestly without representative hardware/panels and independent ground truth.,backend/app/simulation/physics.py; docs/SCIENTIFIC_MODEL.md; docs/LIMITATIONS.md
B5,B,PHYSICS MODEL PROBLEMS,112,Wave velocity can depend on material orientation.,requires_physical_validation,Cannot be closed honestly without representative hardware/panels and independent ground truth.,backend/app/simulation/physics.py; docs/SCIENTIFIC_MODEL.md; docs/LIMITATIONS.md
B6,B,PHYSICS MODEL PROBLEMS,114,Wave velocity can depend on laminate layup.,requires_physical_validation,Cannot be closed honestly without representative hardware/panels and independent ground truth.,backend/app/simulation/physics.py; docs/SCIENTIFIC_MODEL.md; docs/LIMITATIONS.md
B7,B,PHYSICS MODEL PROBLEMS,116,Wave velocity can depend on frequency.,requires_physical_validation,Cannot be closed honestly without representative hardware/panels and independent ground truth.,backend/app/simulation/physics.py; docs/SCIENTIFIC_MODEL.md; docs/LIMITATIONS.md
B8,B,PHYSICS MODEL PROBLEMS,118,Dispersion may be insufficiently modeled.,requires_physical_validation,Cannot be closed honestly without representative hardware/panels and independent ground truth.,backend/app/simulation/physics.py; docs/SCIENTIFIC_MODEL.md; docs/LIMITATIONS.md
B9,B,PHYSICS MODEL PROBLEMS,120,Multiple guided-wave modes may exist.,requires_physical_validation,Cannot be closed honestly without representative hardware/panels and independent ground truth.,backend/app/simulation/physics.py; docs/SCIENTIFIC_MODEL.md; docs/LIMITATIONS.md
B10,B,PHYSICS MODEL PROBLEMS,122,Mode conversion may occur.,requires_physical_validation,Cannot be closed honestly without representative hardware/panels and independent ground truth.,backend/app/simulation/physics.py; docs/SCIENTIFIC_MODEL.md; docs/LIMITATIONS.md
B11,B,PHYSICS MODEL PROBLEMS,124,Different modes may overlap in time/frequency.,requires_physical_validation,Cannot be closed honestly without representative hardware/panels and independent ground truth.,backend/app/simulation/physics.py; docs/SCIENTIFIC_MODEL.md; docs/LIMITATIONS.md
B12,B,PHYSICS MODEL PROBLEMS,126,Group velocity and phase velocity differ.,requires_physical_validation,Cannot be closed honestly without representative hardware/panels and independent ground truth.,backend/app/simulation/physics.py; docs/SCIENTIFIC_MODEL.md; docs/LIMITATIONS.md
B13,B,PHYSICS MODEL PROBLEMS,128,Boundary reflections may be more complex than modeled.,requires_physical_validation,Cannot be closed honestly without representative hardware/panels and independent ground truth.,backend/app/simulation/physics.py; docs/SCIENTIFIC_MODEL.md; docs/LIMITATIONS.md
B14,B,PHYSICS MODEL PROBLEMS,130,Edge effects may be significant.,requires_physical_validation,Cannot be closed honestly without representative hardware/panels and independent ground truth.,backend/app/simulation/physics.py; docs/SCIENTIFIC_MODEL.md; docs/LIMITATIONS.md
B15,B,PHYSICS MODEL PROBLEMS,132,Structural geometry may be more complex than a rectangular plate.,requires_physical_validation,Cannot be closed honestly without representative hardware/panels and independent ground truth.,backend/app/simulation/physics.py; docs/SCIENTIFIC_MODEL.md; docs/LIMITATIONS.md
B16,B,PHYSICS MODEL PROBLEMS,134,Curvature may affect propagation.,requires_physical_validation,Cannot be closed honestly without representative hardware/panels and independent ground truth.,backend/app/simulation/physics.py; docs/SCIENTIFIC_MODEL.md; docs/LIMITATIONS.md
B17,B,PHYSICS MODEL PROBLEMS,136,Stiffeners may affect propagation.,requires_physical_validation,Cannot be closed honestly without representative hardware/panels and independent ground truth.,backend/app/simulation/physics.py; docs/SCIENTIFIC_MODEL.md; docs/LIMITATIONS.md
B18,B,PHYSICS MODEL PROBLEMS,138,Joints may affect propagation.,requires_physical_validation,Cannot be closed honestly without representative hardware/panels and independent ground truth.,backend/app/simulation/physics.py; docs/SCIENTIFIC_MODEL.md; docs/LIMITATIONS.md
B19,B,PHYSICS MODEL PROBLEMS,140,Fasteners may affect propagation.,requires_physical_validation,Cannot be closed honestly without representative hardware/panels and independent ground truth.,backend/app/simulation/physics.py; docs/SCIENTIFIC_MODEL.md; docs/LIMITATIONS.md
B20,B,PHYSICS MODEL PROBLEMS,142,Thickness variations may affect propagation.,requires_physical_validation,Cannot be closed honestly without representative hardware/panels and independent ground truth.,backend/app/simulation/physics.py; docs/SCIENTIFIC_MODEL.md; docs/LIMITATIONS.md
B21,B,PHYSICS MODEL PROBLEMS,144,Ply interfaces can affect wave propagation.,requires_physical_validation,Cannot be closed honestly without representative hardware/panels and independent ground truth.,backend/app/simulation/physics.py; docs/SCIENTIFIC_MODEL.md; docs/LIMITATIONS.md
B22,B,PHYSICS MODEL PROBLEMS,146,Delaminations can interact with multiple modes.,requires_physical_validation,Cannot be closed honestly without representative hardware/panels and independent ground truth.,backend/app/simulation/physics.py; docs/SCIENTIFIC_MODEL.md; docs/LIMITATIONS.md
B23,B,PHYSICS MODEL PROBLEMS,148,Crack scattering may be direction-dependent.,requires_physical_validation,Cannot be closed honestly without representative hardware/panels and independent ground truth.,backend/app/simulation/physics.py; docs/SCIENTIFIC_MODEL.md; docs/LIMITATIONS.md
B24,B,PHYSICS MODEL PROBLEMS,150,Damage scattering may not be isotropic.,requires_physical_validation,Cannot be closed honestly without representative hardware/panels and independent ground truth.,backend/app/simulation/physics.py; docs/SCIENTIFIC_MODEL.md; docs/LIMITATIONS.md
B25,B,PHYSICS MODEL PROBLEMS,152,Scattering may depend on frequency.,requires_physical_validation,Cannot be closed honestly without representative hardware/panels and independent ground truth.,backend/app/simulation/physics.py; docs/SCIENTIFIC_MODEL.md; docs/LIMITATIONS.md
B26,B,PHYSICS MODEL PROBLEMS,154,Reflection may depend on damage orientation.,requires_physical_validation,Cannot be closed honestly without representative hardware/panels and independent ground truth.,backend/app/simulation/physics.py; docs/SCIENTIFIC_MODEL.md; docs/LIMITATIONS.md
B27,B,PHYSICS MODEL PROBLEMS,156,Transmission may depend on damage orientation.,requires_physical_validation,Cannot be closed honestly without representative hardware/panels and independent ground truth.,backend/app/simulation/physics.py; docs/SCIENTIFIC_MODEL.md; docs/LIMITATIONS.md
B28,B,PHYSICS MODEL PROBLEMS,158,Structural damping may vary.,requires_physical_validation,Cannot be closed honestly without representative hardware/panels and independent ground truth.,backend/app/simulation/physics.py; docs/SCIENTIFIC_MODEL.md; docs/LIMITATIONS.md
B29,B,PHYSICS MODEL PROBLEMS,160,Attenuation may be path-dependent.,requires_physical_validation,Cannot be closed honestly without representative hardware/panels and independent ground truth.,backend/app/simulation/physics.py; docs/SCIENTIFIC_MODEL.md; docs/LIMITATIONS.md
B30,B,PHYSICS MODEL PROBLEMS,162,Material attenuation can be frequency-dependent.,requires_physical_validation,Cannot be closed honestly without representative hardware/panels and independent ground truth.,backend/app/simulation/physics.py; docs/SCIENTIFIC_MODEL.md; docs/LIMITATIONS.md
B31,B,PHYSICS MODEL PROBLEMS,164,Temperature changes wave speed.,requires_physical_validation,Cannot be closed honestly without representative hardware/panels and independent ground truth.,backend/app/simulation/physics.py; docs/SCIENTIFIC_MODEL.md; docs/LIMITATIONS.md
B32,B,PHYSICS MODEL PROBLEMS,166,Temperature changes attenuation.,requires_physical_validation,Cannot be closed honestly without representative hardware/panels and independent ground truth.,backend/app/simulation/physics.py; docs/SCIENTIFIC_MODEL.md; docs/LIMITATIONS.md
B33,B,PHYSICS MODEL PROBLEMS,168,Temperature can change sensor behavior.,requires_physical_validation,Cannot be closed honestly without representative hardware/panels and independent ground truth.,backend/app/simulation/physics.py; docs/SCIENTIFIC_MODEL.md; docs/LIMITATIONS.md
B34,B,PHYSICS MODEL PROBLEMS,170,Humidity may affect measurements.,requires_physical_validation,Cannot be closed honestly without representative hardware/panels and independent ground truth.,backend/app/simulation/physics.py; docs/SCIENTIFIC_MODEL.md; docs/LIMITATIONS.md
B35,B,PHYSICS MODEL PROBLEMS,172,Environmental conditions can alter baseline signals.,requires_physical_validation,Cannot be closed honestly without representative hardware/panels and independent ground truth.,backend/app/simulation/physics.py; docs/SCIENTIFIC_MODEL.md; docs/LIMITATIONS.md
B36,B,PHYSICS MODEL PROBLEMS,174,Mechanical loading changes the measured response.,requires_physical_validation,Cannot be closed honestly without representative hardware/panels and independent ground truth.,backend/app/simulation/physics.py; docs/SCIENTIFIC_MODEL.md; docs/LIMITATIONS.md
B37,B,PHYSICS MODEL PROBLEMS,176,Stress state may affect wave propagation.,requires_physical_validation,Cannot be closed honestly without representative hardware/panels and independent ground truth.,backend/app/simulation/physics.py; docs/SCIENTIFIC_MODEL.md; docs/LIMITATIONS.md
B38,B,PHYSICS MODEL PROBLEMS,178,Nonlinear damage effects may be absent.,requires_physical_validation,Cannot be closed honestly without representative hardware/panels and independent ground truth.,backend/app/simulation/physics.py; docs/SCIENTIFIC_MODEL.md; docs/LIMITATIONS.md
B39,B,PHYSICS MODEL PROBLEMS,180,Contact nonlinearities may be absent.,requires_physical_validation,Cannot be closed honestly without representative hardware/panels and independent ground truth.,backend/app/simulation/physics.py; docs/SCIENTIFIC_MODEL.md; docs/LIMITATIONS.md
B40,B,PHYSICS MODEL PROBLEMS,182,Boundary condition uncertainty may be ignored.,requires_physical_validation,Cannot be closed honestly without representative hardware/panels and independent ground truth.,backend/app/simulation/physics.py; docs/SCIENTIFIC_MODEL.md; docs/LIMITATIONS.md
B41,B,PHYSICS MODEL PROBLEMS,184,Sensor mounting can alter local mechanics.,requires_physical_validation,Cannot be closed honestly without representative hardware/panels and independent ground truth.,backend/app/simulation/physics.py; docs/SCIENTIFIC_MODEL.md; docs/LIMITATIONS.md
B42,B,PHYSICS MODEL PROBLEMS,186,Couplant properties can alter measurements.,requires_physical_validation,Cannot be closed honestly without representative hardware/panels and independent ground truth.,backend/app/simulation/physics.py; docs/SCIENTIFIC_MODEL.md; docs/LIMITATIONS.md
B43,B,PHYSICS MODEL PROBLEMS,188,Sensor orientation can affect measurements.,requires_physical_validation,Cannot be closed honestly without representative hardware/panels and independent ground truth.,backend/app/simulation/physics.py; docs/SCIENTIFIC_MODEL.md; docs/LIMITATIONS.md
B44,B,PHYSICS MODEL PROBLEMS,190,Exciter coupling can vary.,requires_physical_validation,Cannot be closed honestly without representative hardware/panels and independent ground truth.,backend/app/simulation/physics.py; docs/SCIENTIFIC_MODEL.md; docs/LIMITATIONS.md
B45,B,PHYSICS MODEL PROBLEMS,192,Receiver coupling can vary.,requires_physical_validation,Cannot be closed honestly without representative hardware/panels and independent ground truth.,backend/app/simulation/physics.py; docs/SCIENTIFIC_MODEL.md; docs/LIMITATIONS.md
B46,B,PHYSICS MODEL PROBLEMS,194,Hardware transfer functions may be ignored.,requires_physical_validation,Cannot be closed honestly without representative hardware/panels and independent ground truth.,backend/app/simulation/physics.py; docs/SCIENTIFIC_MODEL.md; docs/LIMITATIONS.md
B47,B,PHYSICS MODEL PROBLEMS,196,Structural heterogeneity may be underestimated.,requires_physical_validation,Cannot be closed honestly without representative hardware/panels and independent ground truth.,backend/app/simulation/physics.py; docs/SCIENTIFIC_MODEL.md; docs/LIMITATIONS.md
B48,B,PHYSICS MODEL PROBLEMS,198,Composite manufacturing variability may be ignored.,requires_physical_validation,Cannot be closed honestly without representative hardware/panels and independent ground truth.,backend/app/simulation/physics.py; docs/SCIENTIFIC_MODEL.md; docs/LIMITATIONS.md
B49,B,PHYSICS MODEL PROBLEMS,200,Ply waviness may be ignored.,requires_physical_validation,Cannot be closed honestly without representative hardware/panels and independent ground truth.,backend/app/simulation/physics.py; docs/SCIENTIFIC_MODEL.md; docs/LIMITATIONS.md
B50,B,PHYSICS MODEL PROBLEMS,202,Fiber volume variability may be ignored.,requires_physical_validation,Cannot be closed honestly without representative hardware/panels and independent ground truth.,backend/app/simulation/physics.py; docs/SCIENTIFIC_MODEL.md; docs/LIMITATIONS.md
B51,B,PHYSICS MODEL PROBLEMS,204,Manufacturing defects may interact with artificial defects.,requires_physical_validation,Cannot be closed honestly without representative hardware/panels and independent ground truth.,backend/app/simulation/physics.py; docs/SCIENTIFIC_MODEL.md; docs/LIMITATIONS.md
B52,B,PHYSICS MODEL PROBLEMS,206,Real defects are not guaranteed to match synthetic defect assumptions.,requires_physical_validation,Cannot be closed honestly without representative hardware/panels and independent ground truth.,backend/app/simulation/physics.py; docs/SCIENTIFIC_MODEL.md; docs/LIMITATIONS.md
B53,B,PHYSICS MODEL PROBLEMS,208,Damage interaction effects may be absent.,requires_physical_validation,Cannot be closed honestly without representative hardware/panels and independent ground truth.,backend/app/simulation/physics.py; docs/SCIENTIFIC_MODEL.md; docs/LIMITATIONS.md
B54,B,PHYSICS MODEL PROBLEMS,210,Multiple scattering may be absent.,requires_physical_validation,Cannot be closed honestly without representative hardware/panels and independent ground truth.,backend/app/simulation/physics.py; docs/SCIENTIFIC_MODEL.md; docs/LIMITATIONS.md
B55,B,PHYSICS MODEL PROBLEMS,212,Reverberation/ringing may be oversimplified.,requires_physical_validation,Cannot be closed honestly without representative hardware/panels and independent ground truth.,backend/app/simulation/physics.py; docs/SCIENTIFIC_MODEL.md; docs/LIMITATIONS.md
B56,B,PHYSICS MODEL PROBLEMS,214,Noise may not match field noise.,requires_physical_validation,Cannot be closed honestly without representative hardware/panels and independent ground truth.,backend/app/simulation/physics.py; docs/SCIENTIFIC_MODEL.md; docs/LIMITATIONS.md
B57,B,PHYSICS MODEL PROBLEMS,216,Noise may be nonstationary.,requires_physical_validation,Cannot be closed honestly without representative hardware/panels and independent ground truth.,backend/app/simulation/physics.py; docs/SCIENTIFIC_MODEL.md; docs/LIMITATIONS.md
B58,B,PHYSICS MODEL PROBLEMS,218,Noise may be correlated across sensors.,requires_physical_validation,Cannot be closed honestly without representative hardware/panels and independent ground truth.,backend/app/simulation/physics.py; docs/SCIENTIFIC_MODEL.md; docs/LIMITATIONS.md
B59,B,PHYSICS MODEL PROBLEMS,220,Sensor noise may be heterogeneous.,requires_physical_validation,Cannot be closed honestly without representative hardware/panels and independent ground truth.,backend/app/simulation/physics.py; docs/SCIENTIFIC_MODEL.md; docs/LIMITATIONS.md
B60,B,PHYSICS MODEL PROBLEMS,222,Electromagnetic interference may exist.,requires_physical_validation,Cannot be closed honestly without representative hardware/panels and independent ground truth.,backend/app/simulation/physics.py; docs/SCIENTIFIC_MODEL.md; docs/LIMITATIONS.md
B61,B,PHYSICS MODEL PROBLEMS,224,Mechanical vibration may contaminate the signal.,requires_physical_validation,Cannot be closed honestly without representative hardware/panels and independent ground truth.,backend/app/simulation/physics.py; docs/SCIENTIFIC_MODEL.md; docs/LIMITATIONS.md
B62,B,PHYSICS MODEL PROBLEMS,226,Ambient acoustic noise may contaminate the signal.,requires_physical_validation,Cannot be closed honestly without representative hardware/panels and independent ground truth.,backend/app/simulation/physics.py; docs/SCIENTIFIC_MODEL.md; docs/LIMITATIONS.md
B63,B,PHYSICS MODEL PROBLEMS,228,External excitation may contaminate the signal.,requires_physical_validation,Cannot be closed honestly without representative hardware/panels and independent ground truth.,backend/app/simulation/physics.py; docs/SCIENTIFIC_MODEL.md; docs/LIMITATIONS.md
B64,B,PHYSICS MODEL PROBLEMS,230,Real structures may have operational vibration.,requires_physical_validation,Cannot be closed honestly without representative hardware/panels and independent ground truth.,backend/app/simulation/physics.py; docs/SCIENTIFIC_MODEL.md; docs/LIMITATIONS.md
B65,B,PHYSICS MODEL PROBLEMS,232,Temperature-dependent physics may not be modeled.,requires_physical_validation,Cannot be closed honestly without representative hardware/panels and independent ground truth.,backend/app/simulation/physics.py; docs/SCIENTIFIC_MODEL.md; docs/LIMITATIONS.md
B66,B,PHYSICS MODEL PROBLEMS,234,Aging-dependent physics may not be modeled.,requires_physical_validation,Cannot be closed honestly without representative hardware/panels and independent ground truth.,backend/app/simulation/physics.py; docs/SCIENTIFIC_MODEL.md; docs/LIMITATIONS.md
B67,B,PHYSICS MODEL PROBLEMS,236,Fatigue-dependent physics may not be modeled.,requires_physical_validation,Cannot be closed honestly without representative hardware/panels and independent ground truth.,backend/app/simulation/physics.py; docs/SCIENTIFIC_MODEL.md; docs/LIMITATIONS.md
B68,B,PHYSICS MODEL PROBLEMS,238,Material degradation may alter baseline physics.,requires_physical_validation,Cannot be closed honestly without representative hardware/panels and independent ground truth.,backend/app/simulation/physics.py; docs/SCIENTIFIC_MODEL.md; docs/LIMITATIONS.md
B69,B,PHYSICS MODEL PROBLEMS,240,Current simulator may not be a validated digital twin.,requires_physical_validation,Cannot be closed honestly without representative hardware/panels and independent ground truth.,backend/app/simulation/physics.py; docs/SCIENTIFIC_MODEL.md; docs/LIMITATIONS.md
B70,B,PHYSICS MODEL PROBLEMS,242,Simulator parameter uncertainty may be underestimated.,requires_physical_validation,Cannot be closed honestly without representative hardware/panels and independent ground truth.,backend/app/simulation/physics.py; docs/SCIENTIFIC_MODEL.md; docs/LIMITATIONS.md
B71,B,PHYSICS MODEL PROBLEMS,244,Simulator structural discrepancy may be underestimated.,requires_physical_validation,Cannot be closed honestly without representative hardware/panels and independent ground truth.,backend/app/simulation/physics.py; docs/SCIENTIFIC_MODEL.md; docs/LIMITATIONS.md
B72,B,PHYSICS MODEL PROBLEMS,246,Simulator may generate overly easy synthetic examples.,requires_physical_validation,Cannot be closed honestly without representative hardware/panels and independent ground truth.,backend/app/simulation/physics.py; docs/SCIENTIFIC_MODEL.md; docs/LIMITATIONS.md
B73,B,PHYSICS MODEL PROBLEMS,248,Neural surrogate may simply learn simulator artifacts.,requires_physical_validation,Cannot be closed honestly without representative hardware/panels and independent ground truth.,backend/app/simulation/physics.py; docs/SCIENTIFIC_MODEL.md; docs/LIMITATIONS.md
B74,B,PHYSICS MODEL PROBLEMS,250,Simulator-to-real mismatch may dominate model performance.,requires_physical_validation,Cannot be closed honestly without representative hardware/panels and independent ground truth.,backend/app/simulation/physics.py; docs/SCIENTIFIC_MODEL.md; docs/LIMITATIONS.md
B75,B,PHYSICS MODEL PROBLEMS,252,Physics model may not be updated continuously from real measurements.,requires_physical_validation,Cannot be closed honestly without representative hardware/panels and independent ground truth.,backend/app/simulation/physics.py; docs/SCIENTIFIC_MODEL.md; docs/LIMITATIONS.md
C1,C,SIGNAL ACQUISITION PROBLEMS,258,Sensor positions may be uncertain.,requires_physical_validation,Cannot be closed honestly without representative hardware/panels and independent ground truth.,backend/app/inference/diagnostics.py; backend/app/services/session_manager.py
C2,C,SIGNAL ACQUISITION PROBLEMS,260,Source positions may be uncertain.,requires_physical_validation,Cannot be closed honestly without representative hardware/panels and independent ground truth.,backend/app/inference/diagnostics.py; backend/app/services/session_manager.py
C3,C,SIGNAL ACQUISITION PROBLEMS,262,Receiver positions may be uncertain.,requires_physical_validation,Cannot be closed honestly without representative hardware/panels and independent ground truth.,backend/app/inference/diagnostics.py; backend/app/services/session_manager.py
C4,C,SIGNAL ACQUISITION PROBLEMS,264,Sensor orientation may be uncertain.,requires_physical_validation,Cannot be closed honestly without representative hardware/panels and independent ground truth.,backend/app/inference/diagnostics.py; backend/app/services/session_manager.py
C5,C,SIGNAL ACQUISITION PROBLEMS,266,Sensor timing synchronization may be imperfect.,requires_physical_validation,Cannot be closed honestly without representative hardware/panels and independent ground truth.,backend/app/inference/diagnostics.py; backend/app/services/session_manager.py
C6,C,SIGNAL ACQUISITION PROBLEMS,268,Sampling-clock drift may occur.,requires_physical_validation,Cannot be closed honestly without representative hardware/panels and independent ground truth.,backend/app/inference/diagnostics.py; backend/app/services/session_manager.py
C7,C,SIGNAL ACQUISITION PROBLEMS,270,ADC quantization may affect signals.,requires_physical_validation,Cannot be closed honestly without representative hardware/panels and independent ground truth.,backend/app/inference/diagnostics.py; backend/app/services/session_manager.py
C8,C,SIGNAL ACQUISITION PROBLEMS,272,ADC saturation may occur.,requires_physical_validation,Cannot be closed honestly without representative hardware/panels and independent ground truth.,backend/app/inference/diagnostics.py; backend/app/services/session_manager.py
C9,C,SIGNAL ACQUISITION PROBLEMS,274,Clipping may occur.,requires_physical_validation,Cannot be closed honestly without representative hardware/panels and independent ground truth.,backend/app/inference/diagnostics.py; backend/app/services/session_manager.py
C10,C,SIGNAL ACQUISITION PROBLEMS,276,Dynamic range may be insufficient.,requires_physical_validation,Cannot be closed honestly without representative hardware/panels and independent ground truth.,backend/app/inference/diagnostics.py; backend/app/services/session_manager.py
C11,C,SIGNAL ACQUISITION PROBLEMS,278,Analog front-end noise may occur.,requires_physical_validation,Cannot be closed honestly without representative hardware/panels and independent ground truth.,backend/app/inference/diagnostics.py; backend/app/services/session_manager.py
C12,C,SIGNAL ACQUISITION PROBLEMS,280,Amplifier gain may vary.,requires_physical_validation,Cannot be closed honestly without representative hardware/panels and independent ground truth.,backend/app/inference/diagnostics.py; backend/app/services/session_manager.py
C13,C,SIGNAL ACQUISITION PROBLEMS,282,Exciter amplitude may vary.,requires_physical_validation,Cannot be closed honestly without representative hardware/panels and independent ground truth.,backend/app/inference/diagnostics.py; backend/app/services/session_manager.py
C14,C,SIGNAL ACQUISITION PROBLEMS,284,Exciter frequency response may vary.,requires_physical_validation,Cannot be closed honestly without representative hardware/panels and independent ground truth.,backend/app/inference/diagnostics.py; backend/app/services/session_manager.py
C15,C,SIGNAL ACQUISITION PROBLEMS,286,Sensor sensitivity may vary.,requires_physical_validation,Cannot be closed honestly without representative hardware/panels and independent ground truth.,backend/app/inference/diagnostics.py; backend/app/services/session_manager.py
C16,C,SIGNAL ACQUISITION PROBLEMS,288,Sensor-to-sensor manufacturing variation may exist.,requires_physical_validation,Cannot be closed honestly without representative hardware/panels and independent ground truth.,backend/app/inference/diagnostics.py; backend/app/services/session_manager.py
C17,C,SIGNAL ACQUISITION PROBLEMS,290,Sensor degradation over time may occur.,requires_physical_validation,Cannot be closed honestly without representative hardware/panels and independent ground truth.,backend/app/inference/diagnostics.py; backend/app/services/session_manager.py
C18,C,SIGNAL ACQUISITION PROBLEMS,292,Sensor detachment may occur.,requires_physical_validation,Cannot be closed honestly without representative hardware/panels and independent ground truth.,backend/app/inference/diagnostics.py; backend/app/services/session_manager.py
C19,C,SIGNAL ACQUISITION PROBLEMS,294,Sensor partial detachment may occur.,requires_physical_validation,Cannot be closed honestly without representative hardware/panels and independent ground truth.,backend/app/inference/diagnostics.py; backend/app/services/session_manager.py
C20,C,SIGNAL ACQUISITION PROBLEMS,296,Cable faults may occur.,requires_physical_validation,Cannot be closed honestly without representative hardware/panels and independent ground truth.,backend/app/inference/diagnostics.py; backend/app/services/session_manager.py
C21,C,SIGNAL ACQUISITION PROBLEMS,298,Connector failures may occur.,requires_physical_validation,Cannot be closed honestly without representative hardware/panels and independent ground truth.,backend/app/inference/diagnostics.py; backend/app/services/session_manager.py
C22,C,SIGNAL ACQUISITION PROBLEMS,300,Wireless packet loss may occur.,requires_physical_validation,Cannot be closed honestly without representative hardware/panels and independent ground truth.,backend/app/inference/diagnostics.py; backend/app/services/session_manager.py
C23,C,SIGNAL ACQUISITION PROBLEMS,302,Communication latency may occur.,requires_physical_validation,Cannot be closed honestly without representative hardware/panels and independent ground truth.,backend/app/inference/diagnostics.py; backend/app/services/session_manager.py
C24,C,SIGNAL ACQUISITION PROBLEMS,304,Sampling data may be incomplete.,implemented_and_tested,Executable software control; scope remains research-only.,backend/app/inference/diagnostics.py; backend/app/services/session_manager.py
C25,C,SIGNAL ACQUISITION PROBLEMS,306,Missing samples may occur.,implemented_and_tested,Executable software control; scope remains research-only.,backend/app/inference/diagnostics.py; backend/app/services/session_manager.py
C26,C,SIGNAL ACQUISITION PROBLEMS,308,Corrupted samples may occur.,implemented_and_tested,Executable software control; scope remains research-only.,backend/app/inference/diagnostics.py; backend/app/services/session_manager.py
C27,C,SIGNAL ACQUISITION PROBLEMS,310,Timestamp errors may occur.,implemented_and_tested,Executable software control; scope remains research-only.,backend/app/inference/diagnostics.py; backend/app/services/session_manager.py
C28,C,SIGNAL ACQUISITION PROBLEMS,312,Sensor saturation may go undetected.,implemented_and_tested,Executable software control; scope remains research-only.,backend/app/inference/diagnostics.py; backend/app/services/session_manager.py
C29,C,SIGNAL ACQUISITION PROBLEMS,314,Hardware temperature may change characteristics.,requires_physical_validation,Cannot be closed honestly without representative hardware/panels and independent ground truth.,backend/app/inference/diagnostics.py; backend/app/services/session_manager.py
C30,C,SIGNAL ACQUISITION PROBLEMS,316,Battery voltage may affect acquisition quality.,requires_physical_validation,Cannot be closed honestly without representative hardware/panels and independent ground truth.,backend/app/inference/diagnostics.py; backend/app/services/session_manager.py
C31,C,SIGNAL ACQUISITION PROBLEMS,318,Embedded processing may introduce quantization.,requires_physical_validation,Cannot be closed honestly without representative hardware/panels and independent ground truth.,backend/app/inference/diagnostics.py; backend/app/services/session_manager.py
C32,C,SIGNAL ACQUISITION PROBLEMS,320,Embedded hardware may not meet sampling requirements.,requires_physical_validation,Cannot be closed honestly without representative hardware/panels and independent ground truth.,backend/app/inference/diagnostics.py; backend/app/services/session_manager.py
C33,C,SIGNAL ACQUISITION PROBLEMS,322,Hardware may introduce deterministic artifacts.,requires_physical_validation,Cannot be closed honestly without representative hardware/panels and independent ground truth.,backend/app/inference/diagnostics.py; backend/app/services/session_manager.py
C34,C,SIGNAL ACQUISITION PROBLEMS,324,Sensor mounting repeatability may be poor.,requires_physical_validation,Cannot be closed honestly without representative hardware/panels and independent ground truth.,backend/app/inference/diagnostics.py; backend/app/services/session_manager.py
C35,C,SIGNAL ACQUISITION PROBLEMS,326,Probe repositioning may change signal characteristics.,requires_physical_validation,Cannot be closed honestly without representative hardware/panels and independent ground truth.,backend/app/inference/diagnostics.py; backend/app/services/session_manager.py
C36,C,SIGNAL ACQUISITION PROBLEMS,328,Coupling pressure may vary.,requires_physical_validation,Cannot be closed honestly without representative hardware/panels and independent ground truth.,backend/app/inference/diagnostics.py; backend/app/services/session_manager.py
C37,C,SIGNAL ACQUISITION PROBLEMS,330,Couplant thickness may vary.,requires_physical_validation,Cannot be closed honestly without representative hardware/panels and independent ground truth.,backend/app/inference/diagnostics.py; backend/app/services/session_manager.py
C38,C,SIGNAL ACQUISITION PROBLEMS,332,Surface roughness may vary.,requires_physical_validation,Cannot be closed honestly without representative hardware/panels and independent ground truth.,backend/app/inference/diagnostics.py; backend/app/services/session_manager.py
C39,C,SIGNAL ACQUISITION PROBLEMS,334,Sensor placement may not exactly match planner coordinates.,requires_physical_validation,Cannot be closed honestly without representative hardware/panels and independent ground truth.,backend/app/inference/diagnostics.py; backend/app/services/session_manager.py
C40,C,SIGNAL ACQUISITION PROBLEMS,336,Physical actuator motion may not equal commanded motion.,requires_physical_validation,Cannot be closed honestly without representative hardware/panels and independent ground truth.,backend/app/inference/diagnostics.py; backend/app/services/session_manager.py
D1,D,PREPROCESSING PROBLEMS,342,Filtering can remove useful damage information.,partially_mitigated,A bounded software mechanism or test exists; broader robustness/generalization remains open.,backend/app/signal/processing.py
D2,D,PREPROCESSING PROBLEMS,344,Filtering can introduce phase distortion.,partially_mitigated,A bounded software mechanism or test exists; broader robustness/generalization remains open.,backend/app/signal/processing.py
D3,D,PREPROCESSING PROBLEMS,346,Filtering parameters may be manually tuned.,partially_mitigated,A bounded software mechanism or test exists; broader robustness/generalization remains open.,backend/app/signal/processing.py
D4,D,PREPROCESSING PROBLEMS,348,Baseline subtraction may be unreliable.,partially_mitigated,A bounded software mechanism or test exists; broader robustness/generalization remains open.,backend/app/signal/processing.py
D5,D,PREPROCESSING PROBLEMS,350,Healthy baseline may be unavailable.,partially_mitigated,A bounded software mechanism or test exists; broader robustness/generalization remains open.,backend/app/signal/processing.py
D6,D,PREPROCESSING PROBLEMS,352,Healthy baseline may change with environment.,partially_mitigated,A bounded software mechanism or test exists; broader robustness/generalization remains open.,backend/app/signal/processing.py
D7,D,PREPROCESSING PROBLEMS,354,Baseline drift may be mistaken for damage.,partially_mitigated,A bounded software mechanism or test exists; broader robustness/generalization remains open.,backend/app/signal/processing.py
D8,D,PREPROCESSING PROBLEMS,356,Damage may be mistaken for baseline variability.,partially_mitigated,A bounded software mechanism or test exists; broader robustness/generalization remains open.,backend/app/signal/processing.py
D9,D,PREPROCESSING PROBLEMS,358,Normalization may leak information across datasets.,partially_mitigated,A bounded software mechanism or test exists; broader robustness/generalization remains open.,backend/app/signal/processing.py
D10,D,PREPROCESSING PROBLEMS,360,Window selection may be arbitrary.,partially_mitigated,A bounded software mechanism or test exists; broader robustness/generalization remains open.,backend/app/signal/processing.py
D11,D,PREPROCESSING PROBLEMS,362,Time alignment may be imperfect.,partially_mitigated,A bounded software mechanism or test exists; broader robustness/generalization remains open.,backend/app/signal/processing.py
D12,D,PREPROCESSING PROBLEMS,364,Sensor synchronization errors may distort features.,partially_mitigated,A bounded software mechanism or test exists; broader robustness/generalization remains open.,backend/app/signal/processing.py
D13,D,PREPROCESSING PROBLEMS,366,FFT resolution may be insufficient.,partially_mitigated,A bounded software mechanism or test exists; broader robustness/generalization remains open.,backend/app/signal/processing.py
D14,D,PREPROCESSING PROBLEMS,368,Time-frequency representation choice may affect model output.,partially_mitigated,A bounded software mechanism or test exists; broader robustness/generalization remains open.,backend/app/signal/processing.py
D15,D,PREPROCESSING PROBLEMS,370,Matched filtering may assume an excitation model that is imperfect.,partially_mitigated,A bounded software mechanism or test exists; broader robustness/generalization remains open.,backend/app/signal/processing.py
D16,D,PREPROCESSING PROBLEMS,372,Correlation peaks may be ambiguous.,partially_mitigated,A bounded software mechanism or test exists; broader robustness/generalization remains open.,backend/app/signal/processing.py
D17,D,PREPROCESSING PROBLEMS,374,Multiple reflections can create false peaks.,partially_mitigated,A bounded software mechanism or test exists; broader robustness/generalization remains open.,backend/app/signal/processing.py
D18,D,PREPROCESSING PROBLEMS,376,Mode arrivals can create false peaks.,partially_mitigated,A bounded software mechanism or test exists; broader robustness/generalization remains open.,backend/app/signal/processing.py
D19,D,PREPROCESSING PROBLEMS,378,Damage echoes can overlap.,partially_mitigated,A bounded software mechanism or test exists; broader robustness/generalization remains open.,backend/app/signal/processing.py
D20,D,PREPROCESSING PROBLEMS,380,SNR estimation may be biased.,partially_mitigated,A bounded software mechanism or test exists; broader robustness/generalization remains open.,backend/app/signal/processing.py
D21,D,PREPROCESSING PROBLEMS,382,Handcrafted feature extraction may discard information.,partially_mitigated,A bounded software mechanism or test exists; broader robustness/generalization remains open.,backend/app/signal/processing.py
D22,D,PREPROCESSING PROBLEMS,384,Feature extraction may fail under distribution shift.,partially_mitigated,A bounded software mechanism or test exists; broader robustness/generalization remains open.,backend/app/signal/processing.py
D23,D,PREPROCESSING PROBLEMS,386,Fixed preprocessing may be inappropriate for different materials.,partially_mitigated,A bounded software mechanism or test exists; broader robustness/generalization remains open.,backend/app/signal/processing.py
D24,D,PREPROCESSING PROBLEMS,388,Fixed frequency bands may not transfer across structures.,partially_mitigated,A bounded software mechanism or test exists; broader robustness/generalization remains open.,backend/app/signal/processing.py
D25,D,PREPROCESSING PROBLEMS,390,Window duration may not transfer across structures.,partially_mitigated,A bounded software mechanism or test exists; broader robustness/generalization remains open.,backend/app/signal/processing.py
E1,E,FEATURE ENGINEERING PROBLEMS,396,Handcrafted features may be insufficient.,acknowledged_and_bounded,Recorded in the risk register and bounded as an explicit limitation or future experiment.,docs/ARGUS_X_DISPOSITION.md; docs/LIMITATIONS.md
E2,E,FEATURE ENGINEERING PROBLEMS,398,Features may be correlated.,acknowledged_and_bounded,Recorded in the risk register and bounded as an explicit limitation or future experiment.,docs/ARGUS_X_DISPOSITION.md; docs/LIMITATIONS.md
E3,E,FEATURE ENGINEERING PROBLEMS,400,Features may be redundant.,acknowledged_and_bounded,Recorded in the risk register and bounded as an explicit limitation or future experiment.,docs/ARGUS_X_DISPOSITION.md; docs/LIMITATIONS.md
E4,E,FEATURE ENGINEERING PROBLEMS,402,Features may not capture waveform morphology.,acknowledged_and_bounded,Recorded in the risk register and bounded as an explicit limitation or future experiment.,docs/ARGUS_X_DISPOSITION.md; docs/LIMITATIONS.md
E5,E,FEATURE ENGINEERING PROBLEMS,404,Features may not capture phase information.,acknowledged_and_bounded,Recorded in the risk register and bounded as an explicit limitation or future experiment.,docs/ARGUS_X_DISPOSITION.md; docs/LIMITATIONS.md
E6,E,FEATURE ENGINEERING PROBLEMS,406,Features may not capture spatial dependencies.,acknowledged_and_bounded,Recorded in the risk register and bounded as an explicit limitation or future experiment.,docs/ARGUS_X_DISPOSITION.md; docs/LIMITATIONS.md
E7,E,FEATURE ENGINEERING PROBLEMS,408,Features may not capture temporal dependencies.,acknowledged_and_bounded,Recorded in the risk register and bounded as an explicit limitation or future experiment.,docs/ARGUS_X_DISPOSITION.md; docs/LIMITATIONS.md
E8,E,FEATURE ENGINEERING PROBLEMS,410,Features may not capture multi-mode interactions.,acknowledged_and_bounded,Recorded in the risk register and bounded as an explicit limitation or future experiment.,docs/ARGUS_X_DISPOSITION.md; docs/LIMITATIONS.md
E9,E,FEATURE ENGINEERING PROBLEMS,412,Features may be sensitive to noise.,acknowledged_and_bounded,Recorded in the risk register and bounded as an explicit limitation or future experiment.,docs/ARGUS_X_DISPOSITION.md; docs/LIMITATIONS.md
E10,E,FEATURE ENGINEERING PROBLEMS,414,Features may be sensitive to temperature.,acknowledged_and_bounded,Recorded in the risk register and bounded as an explicit limitation or future experiment.,docs/ARGUS_X_DISPOSITION.md; docs/LIMITATIONS.md
E11,E,FEATURE ENGINEERING PROBLEMS,416,Features may be sensitive to coupling.,acknowledged_and_bounded,Recorded in the risk register and bounded as an explicit limitation or future experiment.,docs/ARGUS_X_DISPOSITION.md; docs/LIMITATIONS.md
E12,E,FEATURE ENGINEERING PROBLEMS,418,Features may be sensitive to amplitude scaling.,acknowledged_and_bounded,Recorded in the risk register and bounded as an explicit limitation or future experiment.,docs/ARGUS_X_DISPOSITION.md; docs/LIMITATIONS.md
E13,E,FEATURE ENGINEERING PROBLEMS,420,Features may not generalize to different structures.,acknowledged_and_bounded,Recorded in the risk register and bounded as an explicit limitation or future experiment.,docs/ARGUS_X_DISPOSITION.md; docs/LIMITATIONS.md
E14,E,FEATURE ENGINEERING PROBLEMS,422,Feature selection may be manually chosen.,acknowledged_and_bounded,Recorded in the risk register and bounded as an explicit limitation or future experiment.,docs/ARGUS_X_DISPOSITION.md; docs/LIMITATIONS.md
E15,E,FEATURE ENGINEERING PROBLEMS,424,No learned representation benchmark may exist.,acknowledged_and_bounded,Recorded in the risk register and bounded as an explicit limitation or future experiment.,docs/ARGUS_X_DISPOSITION.md; docs/LIMITATIONS.md
E16,E,FEATURE ENGINEERING PROBLEMS,426,No self-supervised representation benchmark may exist.,acknowledged_and_bounded,Recorded in the risk register and bounded as an explicit limitation or future experiment.,docs/ARGUS_X_DISPOSITION.md; docs/LIMITATIONS.md
F1,F,DATASET PROBLEMS,432,Training data may be too small.,partially_mitigated,A bounded software mechanism or test exists; broader robustness/generalization remains open.,scripts/generate_dataset.py; scripts/prepare_lmsd_dataset.py; docs/BENCHMARK_PROTOCOL.md
F2,F,DATASET PROBLEMS,434,30 simulation cases is not enough for strong deep-learning claims.,partially_mitigated,A bounded software mechanism or test exists; broader robustness/generalization remains open.,scripts/generate_dataset.py; scripts/prepare_lmsd_dataset.py; docs/BENCHMARK_PROTOCOL.md
F3,F,DATASET PROBLEMS,436,Defect locations may be insufficiently diverse.,partially_mitigated,A bounded software mechanism or test exists; broader robustness/generalization remains open.,scripts/generate_dataset.py; scripts/prepare_lmsd_dataset.py; docs/BENCHMARK_PROTOCOL.md
F4,F,DATASET PROBLEMS,438,Defect types may be insufficiently diverse.,partially_mitigated,A bounded software mechanism or test exists; broader robustness/generalization remains open.,scripts/generate_dataset.py; scripts/prepare_lmsd_dataset.py; docs/BENCHMARK_PROTOCOL.md
F5,F,DATASET PROBLEMS,440,Defect sizes may be insufficiently diverse.,partially_mitigated,A bounded software mechanism or test exists; broader robustness/generalization remains open.,scripts/generate_dataset.py; scripts/prepare_lmsd_dataset.py; docs/BENCHMARK_PROTOCOL.md
F6,F,DATASET PROBLEMS,442,Defect orientations may be insufficiently diverse.,partially_mitigated,A bounded software mechanism or test exists; broader robustness/generalization remains open.,scripts/generate_dataset.py; scripts/prepare_lmsd_dataset.py; docs/BENCHMARK_PROTOCOL.md
F7,F,DATASET PROBLEMS,444,Material properties may be insufficiently diverse.,partially_mitigated,A bounded software mechanism or test exists; broader robustness/generalization remains open.,scripts/generate_dataset.py; scripts/prepare_lmsd_dataset.py; docs/BENCHMARK_PROTOCOL.md
F8,F,DATASET PROBLEMS,446,Layups may be insufficiently diverse.,partially_mitigated,A bounded software mechanism or test exists; broader robustness/generalization remains open.,scripts/generate_dataset.py; scripts/prepare_lmsd_dataset.py; docs/BENCHMARK_PROTOCOL.md
F9,F,DATASET PROBLEMS,448,Panel geometries may be insufficiently diverse.,partially_mitigated,A bounded software mechanism or test exists; broader robustness/generalization remains open.,scripts/generate_dataset.py; scripts/prepare_lmsd_dataset.py; docs/BENCHMARK_PROTOCOL.md
F10,F,DATASET PROBLEMS,450,Boundary conditions may be insufficiently diverse.,partially_mitigated,A bounded software mechanism or test exists; broader robustness/generalization remains open.,scripts/generate_dataset.py; scripts/prepare_lmsd_dataset.py; docs/BENCHMARK_PROTOCOL.md
F11,F,DATASET PROBLEMS,452,Noise conditions may be insufficiently diverse.,partially_mitigated,A bounded software mechanism or test exists; broader robustness/generalization remains open.,scripts/generate_dataset.py; scripts/prepare_lmsd_dataset.py; docs/BENCHMARK_PROTOCOL.md
F12,F,DATASET PROBLEMS,454,Temperature conditions may be insufficiently diverse.,partially_mitigated,A bounded software mechanism or test exists; broader robustness/generalization remains open.,scripts/generate_dataset.py; scripts/prepare_lmsd_dataset.py; docs/BENCHMARK_PROTOCOL.md
F13,F,DATASET PROBLEMS,456,Loading conditions may be insufficiently diverse.,partially_mitigated,A bounded software mechanism or test exists; broader robustness/generalization remains open.,scripts/generate_dataset.py; scripts/prepare_lmsd_dataset.py; docs/BENCHMARK_PROTOCOL.md
F14,F,DATASET PROBLEMS,458,Manufacturing variability may be missing.,partially_mitigated,A bounded software mechanism or test exists; broader robustness/generalization remains open.,scripts/generate_dataset.py; scripts/prepare_lmsd_dataset.py; docs/BENCHMARK_PROTOCOL.md
F15,F,DATASET PROBLEMS,460,Hardware variability may be missing.,partially_mitigated,A bounded software mechanism or test exists; broader robustness/generalization remains open.,scripts/generate_dataset.py; scripts/prepare_lmsd_dataset.py; docs/BENCHMARK_PROTOCOL.md
F16,F,DATASET PROBLEMS,462,Sensor placement variability may be missing.,partially_mitigated,A bounded software mechanism or test exists; broader robustness/generalization remains open.,scripts/generate_dataset.py; scripts/prepare_lmsd_dataset.py; docs/BENCHMARK_PROTOCOL.md
F17,F,DATASET PROBLEMS,464,Defect placement may be unrealistically clean.,partially_mitigated,A bounded software mechanism or test exists; broader robustness/generalization remains open.,scripts/generate_dataset.py; scripts/prepare_lmsd_dataset.py; docs/BENCHMARK_PROTOCOL.md
F18,F,DATASET PROBLEMS,466,Dataset may contain synthetic artifacts.,partially_mitigated,A bounded software mechanism or test exists; broader robustness/generalization remains open.,scripts/generate_dataset.py; scripts/prepare_lmsd_dataset.py; docs/BENCHMARK_PROTOCOL.md
F19,F,DATASET PROBLEMS,468,Train/test leakage may occur through repeated structures.,partially_mitigated,A bounded software mechanism or test exists; broader robustness/generalization remains open.,scripts/generate_dataset.py; scripts/prepare_lmsd_dataset.py; docs/BENCHMARK_PROTOCOL.md
F20,F,DATASET PROBLEMS,470,Train/test leakage may occur through repeated defect geometry.,partially_mitigated,A bounded software mechanism or test exists; broader robustness/generalization remains open.,scripts/generate_dataset.py; scripts/prepare_lmsd_dataset.py; docs/BENCHMARK_PROTOCOL.md
F21,F,DATASET PROBLEMS,472,Train/test leakage may occur through repeated sensors.,partially_mitigated,A bounded software mechanism or test exists; broader robustness/generalization remains open.,scripts/generate_dataset.py; scripts/prepare_lmsd_dataset.py; docs/BENCHMARK_PROTOCOL.md
F22,F,DATASET PROBLEMS,474,Random train/test splitting may overestimate generalization.,partially_mitigated,A bounded software mechanism or test exists; broader robustness/generalization remains open.,scripts/generate_dataset.py; scripts/prepare_lmsd_dataset.py; docs/BENCHMARK_PROTOCOL.md
F23,F,DATASET PROBLEMS,476,Structure-level splitting may be required.,partially_mitigated,A bounded software mechanism or test exists; broader robustness/generalization remains open.,scripts/generate_dataset.py; scripts/prepare_lmsd_dataset.py; docs/BENCHMARK_PROTOCOL.md
F24,F,DATASET PROBLEMS,478,Defect-level splitting may be required.,partially_mitigated,A bounded software mechanism or test exists; broader robustness/generalization remains open.,scripts/generate_dataset.py; scripts/prepare_lmsd_dataset.py; docs/BENCHMARK_PROTOCOL.md
F25,F,DATASET PROBLEMS,480,Environment-level splitting may be required.,partially_mitigated,A bounded software mechanism or test exists; broader robustness/generalization remains open.,scripts/generate_dataset.py; scripts/prepare_lmsd_dataset.py; docs/BENCHMARK_PROTOCOL.md
F26,F,DATASET PROBLEMS,482,Material-level splitting may be required.,partially_mitigated,A bounded software mechanism or test exists; broader robustness/generalization remains open.,scripts/generate_dataset.py; scripts/prepare_lmsd_dataset.py; docs/BENCHMARK_PROTOCOL.md
F27,F,DATASET PROBLEMS,484,Geometry-level splitting may be required.,partially_mitigated,A bounded software mechanism or test exists; broader robustness/generalization remains open.,scripts/generate_dataset.py; scripts/prepare_lmsd_dataset.py; docs/BENCHMARK_PROTOCOL.md
F28,F,DATASET PROBLEMS,486,Frequency-level extrapolation should be tested.,partially_mitigated,A bounded software mechanism or test exists; broader robustness/generalization remains open.,scripts/generate_dataset.py; scripts/prepare_lmsd_dataset.py; docs/BENCHMARK_PROTOCOL.md
F29,F,DATASET PROBLEMS,488,Unseen-location extrapolation should be tested.,partially_mitigated,A bounded software mechanism or test exists; broader robustness/generalization remains open.,scripts/generate_dataset.py; scripts/prepare_lmsd_dataset.py; docs/BENCHMARK_PROTOCOL.md
F30,F,DATASET PROBLEMS,490,Unseen-defect-type generalization should be tested.,partially_mitigated,A bounded software mechanism or test exists; broader robustness/generalization remains open.,scripts/generate_dataset.py; scripts/prepare_lmsd_dataset.py; docs/BENCHMARK_PROTOCOL.md
F31,F,DATASET PROBLEMS,492,Unseen-material generalization should be tested.,partially_mitigated,A bounded software mechanism or test exists; broader robustness/generalization remains open.,scripts/generate_dataset.py; scripts/prepare_lmsd_dataset.py; docs/BENCHMARK_PROTOCOL.md
F32,F,DATASET PROBLEMS,494,Unseen-panel generalization should be tested.,partially_mitigated,A bounded software mechanism or test exists; broader robustness/generalization remains open.,scripts/generate_dataset.py; scripts/prepare_lmsd_dataset.py; docs/BENCHMARK_PROTOCOL.md
F33,F,DATASET PROBLEMS,496,Unseen-temperature generalization should be tested.,partially_mitigated,A bounded software mechanism or test exists; broader robustness/generalization remains open.,scripts/generate_dataset.py; scripts/prepare_lmsd_dataset.py; docs/BENCHMARK_PROTOCOL.md
F34,F,DATASET PROBLEMS,498,Long-term drift data may be missing.,partially_mitigated,A bounded software mechanism or test exists; broader robustness/generalization remains open.,scripts/generate_dataset.py; scripts/prepare_lmsd_dataset.py; docs/BENCHMARK_PROTOCOL.md
F35,F,DATASET PROBLEMS,500,Real-world field data may be insufficient.,partially_mitigated,A bounded software mechanism or test exists; broader robustness/generalization remains open.,scripts/generate_dataset.py; scripts/prepare_lmsd_dataset.py; docs/BENCHMARK_PROTOCOL.md
F36,F,DATASET PROBLEMS,502,Ground-truth labels may be noisy.,partially_mitigated,A bounded software mechanism or test exists; broader robustness/generalization remains open.,scripts/generate_dataset.py; scripts/prepare_lmsd_dataset.py; docs/BENCHMARK_PROTOCOL.md
F37,F,DATASET PROBLEMS,504,Ground-truth defect boundaries may be uncertain.,partially_mitigated,A bounded software mechanism or test exists; broader robustness/generalization remains open.,scripts/generate_dataset.py; scripts/prepare_lmsd_dataset.py; docs/BENCHMARK_PROTOCOL.md
F38,F,DATASET PROBLEMS,506,Real defect shape may not be precisely known.,partially_mitigated,A bounded software mechanism or test exists; broader robustness/generalization remains open.,scripts/generate_dataset.py; scripts/prepare_lmsd_dataset.py; docs/BENCHMARK_PROTOCOL.md
F39,F,DATASET PROBLEMS,508,Class imbalance may occur.,partially_mitigated,A bounded software mechanism or test exists; broader robustness/generalization remains open.,scripts/generate_dataset.py; scripts/prepare_lmsd_dataset.py; docs/BENCHMARK_PROTOCOL.md
F40,F,DATASET PROBLEMS,510,Healthy samples may dominate the dataset.,partially_mitigated,A bounded software mechanism or test exists; broader robustness/generalization remains open.,scripts/generate_dataset.py; scripts/prepare_lmsd_dataset.py; docs/BENCHMARK_PROTOCOL.md
F41,F,DATASET PROBLEMS,512,Rare damage states may be underrepresented.,partially_mitigated,A bounded software mechanism or test exists; broader robustness/generalization remains open.,scripts/generate_dataset.py; scripts/prepare_lmsd_dataset.py; docs/BENCHMARK_PROTOCOL.md
F42,F,DATASET PROBLEMS,514,"Severe damage may be easier than subtle damage, causing optimistic metrics.",partially_mitigated,A bounded software mechanism or test exists; broader robustness/generalization remains open.,scripts/generate_dataset.py; scripts/prepare_lmsd_dataset.py; docs/BENCHMARK_PROTOCOL.md
F43,F,DATASET PROBLEMS,516,Public datasets may use different acquisition systems.,partially_mitigated,A bounded software mechanism or test exists; broader robustness/generalization remains open.,scripts/generate_dataset.py; scripts/prepare_lmsd_dataset.py; docs/BENCHMARK_PROTOCOL.md
F44,F,DATASET PROBLEMS,518,Different datasets may use different coordinate systems.,partially_mitigated,A bounded software mechanism or test exists; broader robustness/generalization remains open.,scripts/generate_dataset.py; scripts/prepare_lmsd_dataset.py; docs/BENCHMARK_PROTOCOL.md
F45,F,DATASET PROBLEMS,520,Different datasets may have different sampling rates.,partially_mitigated,A bounded software mechanism or test exists; broader robustness/generalization remains open.,scripts/generate_dataset.py; scripts/prepare_lmsd_dataset.py; docs/BENCHMARK_PROTOCOL.md
F46,F,DATASET PROBLEMS,522,Different datasets may have different sensor layouts.,partially_mitigated,A bounded software mechanism or test exists; broader robustness/generalization remains open.,scripts/generate_dataset.py; scripts/prepare_lmsd_dataset.py; docs/BENCHMARK_PROTOCOL.md
F47,F,DATASET PROBLEMS,524,Different datasets may have different excitation schemes.,partially_mitigated,A bounded software mechanism or test exists; broader robustness/generalization remains open.,scripts/generate_dataset.py; scripts/prepare_lmsd_dataset.py; docs/BENCHMARK_PROTOCOL.md
F48,F,DATASET PROBLEMS,526,Different datasets may have different material layups.,partially_mitigated,A bounded software mechanism or test exists; broader robustness/generalization remains open.,scripts/generate_dataset.py; scripts/prepare_lmsd_dataset.py; docs/BENCHMARK_PROTOCOL.md
F49,F,DATASET PROBLEMS,528,Cross-dataset benchmark may be required.,partially_mitigated,A bounded software mechanism or test exists; broader robustness/generalization remains open.,scripts/generate_dataset.py; scripts/prepare_lmsd_dataset.py; docs/BENCHMARK_PROTOCOL.md
G1,G,REAL-WORLD DATA PROBLEMS,534,Sim-to-real gap.,requires_physical_validation,Cannot be closed honestly without representative hardware/panels and independent ground truth.,backend/app/digital_twin/discrepancy.py; docs/MULTIFIDELITY.md
G2,G,REAL-WORLD DATA PROBLEMS,536,Synthetic and real feature distributions may differ.,requires_physical_validation,Cannot be closed honestly without representative hardware/panels and independent ground truth.,backend/app/digital_twin/discrepancy.py; docs/MULTIFIDELITY.md
G3,G,REAL-WORLD DATA PROBLEMS,538,Real waveforms may contain unmodeled artifacts.,requires_physical_validation,Cannot be closed honestly without representative hardware/panels and independent ground truth.,backend/app/digital_twin/discrepancy.py; docs/MULTIFIDELITY.md
G4,G,REAL-WORLD DATA PROBLEMS,540,Real sensor transfer functions may differ.,requires_physical_validation,Cannot be closed honestly without representative hardware/panels and independent ground truth.,backend/app/digital_twin/discrepancy.py; docs/MULTIFIDELITY.md
G5,G,REAL-WORLD DATA PROBLEMS,542,Real environmental variation may dominate damage signal.,requires_physical_validation,Cannot be closed honestly without representative hardware/panels and independent ground truth.,backend/app/digital_twin/discrepancy.py; docs/MULTIFIDELITY.md
G6,G,REAL-WORLD DATA PROBLEMS,544,Real damage may differ from modeled damage.,requires_physical_validation,Cannot be closed honestly without representative hardware/panels and independent ground truth.,backend/app/digital_twin/discrepancy.py; docs/MULTIFIDELITY.md
G7,G,REAL-WORLD DATA PROBLEMS,546,Public dataset performance may not transfer to your hardware.,requires_physical_validation,Cannot be closed honestly without representative hardware/panels and independent ground truth.,backend/app/digital_twin/discrepancy.py; docs/MULTIFIDELITY.md
G8,G,REAL-WORLD DATA PROBLEMS,548,Your hardware data may not transfer to public datasets.,requires_physical_validation,Cannot be closed honestly without representative hardware/panels and independent ground truth.,backend/app/digital_twin/discrepancy.py; docs/MULTIFIDELITY.md
G9,G,REAL-WORLD DATA PROBLEMS,550,Domain adaptation may be required.,requires_physical_validation,Cannot be closed honestly without representative hardware/panels and independent ground truth.,backend/app/digital_twin/discrepancy.py; docs/MULTIFIDELITY.md
G10,G,REAL-WORLD DATA PROBLEMS,552,Domain adaptation itself can erase damage-sensitive information.,requires_physical_validation,Cannot be closed honestly without representative hardware/panels and independent ground truth.,backend/app/digital_twin/discrepancy.py; docs/MULTIFIDELITY.md
G11,G,REAL-WORLD DATA PROBLEMS,554,Domain adaptation may cause negative transfer.,requires_physical_validation,Cannot be closed honestly without representative hardware/panels and independent ground truth.,backend/app/digital_twin/discrepancy.py; docs/MULTIFIDELITY.md
G12,G,REAL-WORLD DATA PROBLEMS,556,No-label adaptation is difficult.,requires_physical_validation,Cannot be closed honestly without representative hardware/panels and independent ground truth.,backend/app/digital_twin/discrepancy.py; docs/MULTIFIDELITY.md
G13,G,REAL-WORLD DATA PROBLEMS,558,Few-shot adaptation may still overfit.,requires_physical_validation,Cannot be closed honestly without representative hardware/panels and independent ground truth.,backend/app/digital_twin/discrepancy.py; docs/MULTIFIDELITY.md
G14,G,REAL-WORLD DATA PROBLEMS,560,Cross-panel adaptation may fail.,requires_physical_validation,Cannot be closed honestly without representative hardware/panels and independent ground truth.,backend/app/digital_twin/discrepancy.py; docs/MULTIFIDELITY.md
G15,G,REAL-WORLD DATA PROBLEMS,562,Cross-material adaptation may fail.,requires_physical_validation,Cannot be closed honestly without representative hardware/panels and independent ground truth.,backend/app/digital_twin/discrepancy.py; docs/MULTIFIDELITY.md
G16,G,REAL-WORLD DATA PROBLEMS,564,Cross-layup adaptation may fail.,requires_physical_validation,Cannot be closed honestly without representative hardware/panels and independent ground truth.,backend/app/digital_twin/discrepancy.py; docs/MULTIFIDELITY.md
G17,G,REAL-WORLD DATA PROBLEMS,566,Cross-hardware adaptation may fail.,requires_physical_validation,Cannot be closed honestly without representative hardware/panels and independent ground truth.,backend/app/digital_twin/discrepancy.py; docs/MULTIFIDELITY.md
G18,G,REAL-WORLD DATA PROBLEMS,568,Cross-temperature adaptation may fail.,requires_physical_validation,Cannot be closed honestly without representative hardware/panels and independent ground truth.,backend/app/digital_twin/discrepancy.py; docs/MULTIFIDELITY.md
G19,G,REAL-WORLD DATA PROBLEMS,570,Cross-frequency adaptation may fail.,requires_physical_validation,Cannot be closed honestly without representative hardware/panels and independent ground truth.,backend/app/digital_twin/discrepancy.py; docs/MULTIFIDELITY.md
G20,G,REAL-WORLD DATA PROBLEMS,572,Time-varying domain drift may occur.,requires_physical_validation,Cannot be closed honestly without representative hardware/panels and independent ground truth.,backend/app/digital_twin/discrepancy.py; docs/MULTIFIDELITY.md
G21,G,REAL-WORLD DATA PROBLEMS,574,Lifelong adaptation may be required.,requires_physical_validation,Cannot be closed honestly without representative hardware/panels and independent ground truth.,backend/app/digital_twin/discrepancy.py; docs/MULTIFIDELITY.md
G22,G,REAL-WORLD DATA PROBLEMS,576,Online adaptation may destabilize the model.,requires_physical_validation,Cannot be closed honestly without representative hardware/panels and independent ground truth.,backend/app/digital_twin/discrepancy.py; docs/MULTIFIDELITY.md
G23,G,REAL-WORLD DATA PROBLEMS,578,Catastrophic forgetting may occur during adaptation.,requires_physical_validation,Cannot be closed honestly without representative hardware/panels and independent ground truth.,backend/app/digital_twin/discrepancy.py; docs/MULTIFIDELITY.md
G24,G,REAL-WORLD DATA PROBLEMS,580,Real-time calibration may be difficult.,requires_physical_validation,Cannot be closed honestly without representative hardware/panels and independent ground truth.,backend/app/digital_twin/discrepancy.py; docs/MULTIFIDELITY.md
H1,H,MACHINE LEARNING MODEL PROBLEMS,586,Model architecture may be too simple.,partially_mitigated,A bounded software mechanism or test exists; broader robustness/generalization remains open.,docs/ARGUS_X_DISPOSITION.md; docs/LIMITATIONS.md
H2,H,MACHINE LEARNING MODEL PROBLEMS,588,Model may overfit simulation data.,partially_mitigated,A bounded software mechanism or test exists; broader robustness/generalization remains open.,docs/ARGUS_X_DISPOSITION.md; docs/LIMITATIONS.md
H3,H,MACHINE LEARNING MODEL PROBLEMS,590,Model may learn simulator shortcuts.,partially_mitigated,A bounded software mechanism or test exists; broader robustness/generalization remains open.,docs/ARGUS_X_DISPOSITION.md; docs/LIMITATIONS.md
H4,H,MACHINE LEARNING MODEL PROBLEMS,592,Model may memorize sensor geometry.,partially_mitigated,A bounded software mechanism or test exists; broader robustness/generalization remains open.,docs/ARGUS_X_DISPOSITION.md; docs/LIMITATIONS.md
H5,H,MACHINE LEARNING MODEL PROBLEMS,594,Model may memorize defect positions.,partially_mitigated,A bounded software mechanism or test exists; broader robustness/generalization remains open.,docs/ARGUS_X_DISPOSITION.md; docs/LIMITATIONS.md
H6,H,MACHINE LEARNING MODEL PROBLEMS,596,Model may memorize noise patterns.,partially_mitigated,A bounded software mechanism or test exists; broader robustness/generalization remains open.,docs/ARGUS_X_DISPOSITION.md; docs/LIMITATIONS.md
H7,H,MACHINE LEARNING MODEL PROBLEMS,598,Model may learn amplitude instead of damage.,partially_mitigated,A bounded software mechanism or test exists; broader robustness/generalization remains open.,docs/ARGUS_X_DISPOSITION.md; docs/LIMITATIONS.md
H8,H,MACHINE LEARNING MODEL PROBLEMS,600,Model may rely on environmental artifacts.,partially_mitigated,A bounded software mechanism or test exists; broader robustness/generalization remains open.,docs/ARGUS_X_DISPOSITION.md; docs/LIMITATIONS.md
H9,H,MACHINE LEARNING MODEL PROBLEMS,602,Model may not generalize spatially.,partially_mitigated,A bounded software mechanism or test exists; broader robustness/generalization remains open.,docs/ARGUS_X_DISPOSITION.md; docs/LIMITATIONS.md
H10,H,MACHINE LEARNING MODEL PROBLEMS,604,Model may not generalize temporally.,partially_mitigated,A bounded software mechanism or test exists; broader robustness/generalization remains open.,docs/ARGUS_X_DISPOSITION.md; docs/LIMITATIONS.md
H11,H,MACHINE LEARNING MODEL PROBLEMS,606,Model may not generalize across structures.,partially_mitigated,A bounded software mechanism or test exists; broader robustness/generalization remains open.,docs/ARGUS_X_DISPOSITION.md; docs/LIMITATIONS.md
H12,H,MACHINE LEARNING MODEL PROBLEMS,608,Model may not generalize across materials.,partially_mitigated,A bounded software mechanism or test exists; broader robustness/generalization remains open.,docs/ARGUS_X_DISPOSITION.md; docs/LIMITATIONS.md
H13,H,MACHINE LEARNING MODEL PROBLEMS,610,Model may not generalize across sensor layouts.,partially_mitigated,A bounded software mechanism or test exists; broader robustness/generalization remains open.,docs/ARGUS_X_DISPOSITION.md; docs/LIMITATIONS.md
H14,H,MACHINE LEARNING MODEL PROBLEMS,612,Model may not generalize across acquisition systems.,partially_mitigated,A bounded software mechanism or test exists; broader robustness/generalization remains open.,docs/ARGUS_X_DISPOSITION.md; docs/LIMITATIONS.md
H15,H,MACHINE LEARNING MODEL PROBLEMS,614,Model may not generalize to unseen defect types.,partially_mitigated,A bounded software mechanism or test exists; broader robustness/generalization remains open.,docs/ARGUS_X_DISPOSITION.md; docs/LIMITATIONS.md
H16,H,MACHINE LEARNING MODEL PROBLEMS,616,Model may not generalize to unseen defect sizes.,partially_mitigated,A bounded software mechanism or test exists; broader robustness/generalization remains open.,docs/ARGUS_X_DISPOSITION.md; docs/LIMITATIONS.md
H17,H,MACHINE LEARNING MODEL PROBLEMS,618,Model may not generalize to multiple defects.,partially_mitigated,A bounded software mechanism or test exists; broader robustness/generalization remains open.,docs/ARGUS_X_DISPOSITION.md; docs/LIMITATIONS.md
H18,H,MACHINE LEARNING MODEL PROBLEMS,620,Model may not handle missing sensors.,partially_mitigated,A bounded software mechanism or test exists; broader robustness/generalization remains open.,docs/ARGUS_X_DISPOSITION.md; docs/LIMITATIONS.md
H19,H,MACHINE LEARNING MODEL PROBLEMS,622,Model may not handle noisy channels.,partially_mitigated,A bounded software mechanism or test exists; broader robustness/generalization remains open.,docs/ARGUS_X_DISPOSITION.md; docs/LIMITATIONS.md
H20,H,MACHINE LEARNING MODEL PROBLEMS,624,Model may not handle corrupted channels.,partially_mitigated,A bounded software mechanism or test exists; broader robustness/generalization remains open.,docs/ARGUS_X_DISPOSITION.md; docs/LIMITATIONS.md
H21,H,MACHINE LEARNING MODEL PROBLEMS,626,Model may not handle sensor failures.,partially_mitigated,A bounded software mechanism or test exists; broader robustness/generalization remains open.,docs/ARGUS_X_DISPOSITION.md; docs/LIMITATIONS.md
H22,H,MACHINE LEARNING MODEL PROBLEMS,628,Model may not handle unknown hardware.,partially_mitigated,A bounded software mechanism or test exists; broader robustness/generalization remains open.,docs/ARGUS_X_DISPOSITION.md; docs/LIMITATIONS.md
H23,H,MACHINE LEARNING MODEL PROBLEMS,630,Model may not handle missing metadata.,partially_mitigated,A bounded software mechanism or test exists; broader robustness/generalization remains open.,docs/ARGUS_X_DISPOSITION.md; docs/LIMITATIONS.md
H24,H,MACHINE LEARNING MODEL PROBLEMS,632,Model may not handle uncertain coordinates.,partially_mitigated,A bounded software mechanism or test exists; broader robustness/generalization remains open.,docs/ARGUS_X_DISPOSITION.md; docs/LIMITATIONS.md
H25,H,MACHINE LEARNING MODEL PROBLEMS,634,Model may not represent spatial structure optimally.,partially_mitigated,A bounded software mechanism or test exists; broader robustness/generalization remains open.,docs/ARGUS_X_DISPOSITION.md; docs/LIMITATIONS.md
H26,H,MACHINE LEARNING MODEL PROBLEMS,636,Model may not represent temporal structure optimally.,partially_mitigated,A bounded software mechanism or test exists; broader robustness/generalization remains open.,docs/ARGUS_X_DISPOSITION.md; docs/LIMITATIONS.md
H27,H,MACHINE LEARNING MODEL PROBLEMS,638,Model may not represent frequency structure optimally.,partially_mitigated,A bounded software mechanism or test exists; broader robustness/generalization remains open.,docs/ARGUS_X_DISPOSITION.md; docs/LIMITATIONS.md
H28,H,MACHINE LEARNING MODEL PROBLEMS,640,"Model may not combine spatial, temporal and spectral information.",partially_mitigated,A bounded software mechanism or test exists; broader robustness/generalization remains open.,docs/ARGUS_X_DISPOSITION.md; docs/LIMITATIONS.md
H29,H,MACHINE LEARNING MODEL PROBLEMS,642,Model may require too much labeled data.,partially_mitigated,A bounded software mechanism or test exists; broader robustness/generalization remains open.,docs/ARGUS_X_DISPOSITION.md; docs/LIMITATIONS.md
H30,H,MACHINE LEARNING MODEL PROBLEMS,644,Model may be too computationally expensive.,partially_mitigated,A bounded software mechanism or test exists; broader robustness/generalization remains open.,docs/ARGUS_X_DISPOSITION.md; docs/LIMITATIONS.md
H31,H,MACHINE LEARNING MODEL PROBLEMS,646,Model may be too large for edge deployment.,partially_mitigated,A bounded software mechanism or test exists; broader robustness/generalization remains open.,docs/ARGUS_X_DISPOSITION.md; docs/LIMITATIONS.md
H32,H,MACHINE LEARNING MODEL PROBLEMS,648,Model may be too slow for active planning.,partially_mitigated,A bounded software mechanism or test exists; broader robustness/generalization remains open.,docs/ARGUS_X_DISPOSITION.md; docs/LIMITATIONS.md
H33,H,MACHINE LEARNING MODEL PROBLEMS,650,Model latency may be underestimated.,partially_mitigated,A bounded software mechanism or test exists; broader robustness/generalization remains open.,docs/ARGUS_X_DISPOSITION.md; docs/LIMITATIONS.md
H34,H,MACHINE LEARNING MODEL PROBLEMS,652,Training may be unstable.,partially_mitigated,A bounded software mechanism or test exists; broader robustness/generalization remains open.,docs/ARGUS_X_DISPOSITION.md; docs/LIMITATIONS.md
H35,H,MACHINE LEARNING MODEL PROBLEMS,654,Hyperparameter tuning may overfit benchmark data.,partially_mitigated,A bounded software mechanism or test exists; broader robustness/generalization remains open.,docs/ARGUS_X_DISPOSITION.md; docs/LIMITATIONS.md
H36,H,MACHINE LEARNING MODEL PROBLEMS,656,Architecture search may implicitly leak validation knowledge.,partially_mitigated,A bounded software mechanism or test exists; broader robustness/generalization remains open.,docs/ARGUS_X_DISPOSITION.md; docs/LIMITATIONS.md
I1,I,PHYSICS-INFORMED ML PROBLEMS,662,"Physics constraints may be only descriptive, not enforced.",partially_mitigated,A bounded software mechanism or test exists; broader robustness/generalization remains open.,docs/ARGUS_X_DISPOSITION.md; docs/LIMITATIONS.md
I2,I,PHYSICS-INFORMED ML PROBLEMS,664,Physics features may be incorrectly specified.,partially_mitigated,A bounded software mechanism or test exists; broader robustness/generalization remains open.,docs/ARGUS_X_DISPOSITION.md; docs/LIMITATIONS.md
I3,I,PHYSICS-INFORMED ML PROBLEMS,666,Wrong physical assumptions can bias the model.,partially_mitigated,A bounded software mechanism or test exists; broader robustness/generalization remains open.,docs/ARGUS_X_DISPOSITION.md; docs/LIMITATIONS.md
I4,I,PHYSICS-INFORMED ML PROBLEMS,668,Physics loss weighting may be arbitrary.,partially_mitigated,A bounded software mechanism or test exists; broader robustness/generalization remains open.,docs/ARGUS_X_DISPOSITION.md; docs/LIMITATIONS.md
I5,I,PHYSICS-INFORMED ML PROBLEMS,670,Physics loss may dominate data loss.,partially_mitigated,A bounded software mechanism or test exists; broader robustness/generalization remains open.,docs/ARGUS_X_DISPOSITION.md; docs/LIMITATIONS.md
I6,I,PHYSICS-INFORMED ML PROBLEMS,672,Data loss may dominate physics loss.,partially_mitigated,A bounded software mechanism or test exists; broader robustness/generalization remains open.,docs/ARGUS_X_DISPOSITION.md; docs/LIMITATIONS.md
I7,I,PHYSICS-INFORMED ML PROBLEMS,674,Physics model may be inaccurate.,partially_mitigated,A bounded software mechanism or test exists; broader robustness/generalization remains open.,docs/ARGUS_X_DISPOSITION.md; docs/LIMITATIONS.md
I8,I,PHYSICS-INFORMED ML PROBLEMS,676,Model may satisfy a simplified physics model but fail reality.,partially_mitigated,A bounded software mechanism or test exists; broader robustness/generalization remains open.,docs/ARGUS_X_DISPOSITION.md; docs/LIMITATIONS.md
I9,I,PHYSICS-INFORMED ML PROBLEMS,678,Physics constraints may reduce flexibility.,partially_mitigated,A bounded software mechanism or test exists; broader robustness/generalization remains open.,docs/ARGUS_X_DISPOSITION.md; docs/LIMITATIONS.md
I10,I,PHYSICS-INFORMED ML PROBLEMS,680,Physics-informed model may be harder to train.,partially_mitigated,A bounded software mechanism or test exists; broader robustness/generalization remains open.,docs/ARGUS_X_DISPOSITION.md; docs/LIMITATIONS.md
I11,I,PHYSICS-INFORMED ML PROBLEMS,682,Physics-informed model may require differentiable physics.,partially_mitigated,A bounded software mechanism or test exists; broader robustness/generalization remains open.,docs/ARGUS_X_DISPOSITION.md; docs/LIMITATIONS.md
I12,I,PHYSICS-INFORMED ML PROBLEMS,684,Differentiable simulator may be computationally expensive.,partially_mitigated,A bounded software mechanism or test exists; broader robustness/generalization remains open.,docs/ARGUS_X_DISPOSITION.md; docs/LIMITATIONS.md
I13,I,PHYSICS-INFORMED ML PROBLEMS,686,Physics constraints may need to vary by material.,partially_mitigated,A bounded software mechanism or test exists; broader robustness/generalization remains open.,docs/ARGUS_X_DISPOSITION.md; docs/LIMITATIONS.md
I14,I,PHYSICS-INFORMED ML PROBLEMS,688,Directional anisotropy may need explicit representation.,partially_mitigated,A bounded software mechanism or test exists; broader robustness/generalization remains open.,docs/ARGUS_X_DISPOSITION.md; docs/LIMITATIONS.md
I15,I,PHYSICS-INFORMED ML PROBLEMS,690,Frequency-dependent physics may need explicit representation.,partially_mitigated,A bounded software mechanism or test exists; broader robustness/generalization remains open.,docs/ARGUS_X_DISPOSITION.md; docs/LIMITATIONS.md
I16,I,PHYSICS-INFORMED ML PROBLEMS,692,Multiple wave modes may need explicit representation.,partially_mitigated,A bounded software mechanism or test exists; broader robustness/generalization remains open.,docs/ARGUS_X_DISPOSITION.md; docs/LIMITATIONS.md
I17,I,PHYSICS-INFORMED ML PROBLEMS,694,Mode conversion may need explicit representation.,partially_mitigated,A bounded software mechanism or test exists; broader robustness/generalization remains open.,docs/ARGUS_X_DISPOSITION.md; docs/LIMITATIONS.md
I18,I,PHYSICS-INFORMED ML PROBLEMS,696,Boundary conditions may need to be represented.,partially_mitigated,A bounded software mechanism or test exists; broader robustness/generalization remains open.,docs/ARGUS_X_DISPOSITION.md; docs/LIMITATIONS.md
I19,I,PHYSICS-INFORMED ML PROBLEMS,698,"Physics consistency should be measured quantitatively, not just claimed.",partially_mitigated,A bounded software mechanism or test exists; broader robustness/generalization remains open.,docs/ARGUS_X_DISPOSITION.md; docs/LIMITATIONS.md
J1,J,GRAPH / SPATIAL MODEL PROBLEMS,704,Sensor graph definition may be arbitrary.,acknowledged_and_bounded,Recorded in the risk register and bounded as an explicit limitation or future experiment.,docs/ARGUS_X_DISPOSITION.md; docs/LIMITATIONS.md
J2,J,GRAPH / SPATIAL MODEL PROBLEMS,706,Fully connected graph may introduce irrelevant relationships.,acknowledged_and_bounded,Recorded in the risk register and bounded as an explicit limitation or future experiment.,docs/ARGUS_X_DISPOSITION.md; docs/LIMITATIONS.md
J3,J,GRAPH / SPATIAL MODEL PROBLEMS,708,Distance-only graph may ignore wave propagation.,acknowledged_and_bounded,Recorded in the risk register and bounded as an explicit limitation or future experiment.,docs/ARGUS_X_DISPOSITION.md; docs/LIMITATIONS.md
J4,J,GRAPH / SPATIAL MODEL PROBLEMS,710,Geometry-only graph may ignore anisotropy.,acknowledged_and_bounded,Recorded in the risk register and bounded as an explicit limitation or future experiment.,docs/ARGUS_X_DISPOSITION.md; docs/LIMITATIONS.md
J5,J,GRAPH / SPATIAL MODEL PROBLEMS,712,Static graph may be inappropriate for changing frequencies.,acknowledged_and_bounded,Recorded in the risk register and bounded as an explicit limitation or future experiment.,docs/ARGUS_X_DISPOSITION.md; docs/LIMITATIONS.md
J6,J,GRAPH / SPATIAL MODEL PROBLEMS,714,Edge weights may not represent physical coupling.,acknowledged_and_bounded,Recorded in the risk register and bounded as an explicit limitation or future experiment.,docs/ARGUS_X_DISPOSITION.md; docs/LIMITATIONS.md
J7,J,GRAPH / SPATIAL MODEL PROBLEMS,716,Directionality may be lost.,acknowledged_and_bounded,Recorded in the risk register and bounded as an explicit limitation or future experiment.,docs/ARGUS_X_DISPOSITION.md; docs/LIMITATIONS.md
J8,J,GRAPH / SPATIAL MODEL PROBLEMS,718,Sensor topology may change between deployments.,acknowledged_and_bounded,Recorded in the risk register and bounded as an explicit limitation or future experiment.,docs/ARGUS_X_DISPOSITION.md; docs/LIMITATIONS.md
J9,J,GRAPH / SPATIAL MODEL PROBLEMS,720,Graph may not handle missing sensors.,acknowledged_and_bounded,Recorded in the risk register and bounded as an explicit limitation or future experiment.,docs/ARGUS_X_DISPOSITION.md; docs/LIMITATIONS.md
J10,J,GRAPH / SPATIAL MODEL PROBLEMS,722,Graph may not handle new sensors.,acknowledged_and_bounded,Recorded in the risk register and bounded as an explicit limitation or future experiment.,docs/ARGUS_X_DISPOSITION.md; docs/LIMITATIONS.md
J11,J,GRAPH / SPATIAL MODEL PROBLEMS,724,Graph may not handle irregular sensor layouts.,acknowledged_and_bounded,Recorded in the risk register and bounded as an explicit limitation or future experiment.,docs/ARGUS_X_DISPOSITION.md; docs/LIMITATIONS.md
J12,J,GRAPH / SPATIAL MODEL PROBLEMS,726,Graph may not handle movable sensors.,acknowledged_and_bounded,Recorded in the risk register and bounded as an explicit limitation or future experiment.,docs/ARGUS_X_DISPOSITION.md; docs/LIMITATIONS.md
J13,J,GRAPH / SPATIAL MODEL PROBLEMS,728,Graph may not represent candidate experiment paths.,acknowledged_and_bounded,Recorded in the risk register and bounded as an explicit limitation or future experiment.,docs/ARGUS_X_DISPOSITION.md; docs/LIMITATIONS.md
J14,J,GRAPH / SPATIAL MODEL PROBLEMS,730,Graph may not represent defect nodes or latent fields.,acknowledged_and_bounded,Recorded in the risk register and bounded as an explicit limitation or future experiment.,docs/ARGUS_X_DISPOSITION.md; docs/LIMITATIONS.md
J15,J,GRAPH / SPATIAL MODEL PROBLEMS,732,Graph model may merely reproduce prior GNN work.,acknowledged_and_bounded,Recorded in the risk register and bounded as an explicit limitation or future experiment.,docs/ARGUS_X_DISPOSITION.md; docs/LIMITATIONS.md
J16,J,GRAPH / SPATIAL MODEL PROBLEMS,734,"Graph novelty must therefore come from the actual closed-loop decision/inference contribution, not simply ""we used a GNN."" and domain-adaptive relational graph approaches. Therefore these components cannot safely be claimed as standalone novelty.",acknowledged_and_bounded,Recorded in the risk register and bounded as an explicit limitation or future experiment.,docs/ARGUS_X_DISPOSITION.md; docs/LIMITATIONS.md
K1,K,MULTIMODAL LEARNING PROBLEMS,745,Multiple sensors may have incompatible sampling rates.,acknowledged_and_bounded,Recorded in the risk register and bounded as an explicit limitation or future experiment.,docs/ARGUS_X_DISPOSITION.md; docs/LIMITATIONS.md
K2,K,MULTIMODAL LEARNING PROBLEMS,747,Multiple modalities may have different timestamps.,acknowledged_and_bounded,Recorded in the risk register and bounded as an explicit limitation or future experiment.,docs/ARGUS_X_DISPOSITION.md; docs/LIMITATIONS.md
K3,K,MULTIMODAL LEARNING PROBLEMS,749,Modalities may have different noise properties.,acknowledged_and_bounded,Recorded in the risk register and bounded as an explicit limitation or future experiment.,docs/ARGUS_X_DISPOSITION.md; docs/LIMITATIONS.md
K4,K,MULTIMODAL LEARNING PROBLEMS,751,Some modalities may be absent.,acknowledged_and_bounded,Recorded in the risk register and bounded as an explicit limitation or future experiment.,docs/ARGUS_X_DISPOSITION.md; docs/LIMITATIONS.md
K5,K,MULTIMODAL LEARNING PROBLEMS,753,Some modalities may be unreliable.,acknowledged_and_bounded,Recorded in the risk register and bounded as an explicit limitation or future experiment.,docs/ARGUS_X_DISPOSITION.md; docs/LIMITATIONS.md
K6,K,MULTIMODAL LEARNING PROBLEMS,755,Fusion may be dominated by one modality.,acknowledged_and_bounded,Recorded in the risk register and bounded as an explicit limitation or future experiment.,docs/ARGUS_X_DISPOSITION.md; docs/LIMITATIONS.md
K7,K,MULTIMODAL LEARNING PROBLEMS,757,Early fusion may create huge dimensionality.,acknowledged_and_bounded,Recorded in the risk register and bounded as an explicit limitation or future experiment.,docs/ARGUS_X_DISPOSITION.md; docs/LIMITATIONS.md
K8,K,MULTIMODAL LEARNING PROBLEMS,759,Late fusion may lose cross-modal interactions.,acknowledged_and_bounded,Recorded in the risk register and bounded as an explicit limitation or future experiment.,docs/ARGUS_X_DISPOSITION.md; docs/LIMITATIONS.md
K9,K,MULTIMODAL LEARNING PROBLEMS,761,Cross-modal attention may overfit.,acknowledged_and_bounded,Recorded in the risk register and bounded as an explicit limitation or future experiment.,docs/ARGUS_X_DISPOSITION.md; docs/LIMITATIONS.md
K10,K,MULTIMODAL LEARNING PROBLEMS,763,Modality failure needs graceful degradation.,acknowledged_and_bounded,Recorded in the risk register and bounded as an explicit limitation or future experiment.,docs/ARGUS_X_DISPOSITION.md; docs/LIMITATIONS.md
K11,K,MULTIMODAL LEARNING PROBLEMS,765,Modality availability may change between structures.,acknowledged_and_bounded,Recorded in the risk register and bounded as an explicit limitation or future experiment.,docs/ARGUS_X_DISPOSITION.md; docs/LIMITATIONS.md
K12,K,MULTIMODAL LEARNING PROBLEMS,767,Camera-based damage may only reveal surface evidence.,acknowledged_and_bounded,Recorded in the risk register and bounded as an explicit limitation or future experiment.,docs/ARGUS_X_DISPOSITION.md; docs/LIMITATIONS.md
K13,K,MULTIMODAL LEARNING PROBLEMS,769,Acoustic data may reveal subsurface evidence.,acknowledged_and_bounded,Recorded in the risk register and bounded as an explicit limitation or future experiment.,docs/ARGUS_X_DISPOSITION.md; docs/LIMITATIONS.md
K14,K,MULTIMODAL LEARNING PROBLEMS,771,Vision and acoustics may disagree.,acknowledged_and_bounded,Recorded in the risk register and bounded as an explicit limitation or future experiment.,docs/ARGUS_X_DISPOSITION.md; docs/LIMITATIONS.md
K15,K,MULTIMODAL LEARNING PROBLEMS,773,System must decide how disagreement affects posterior belief.,acknowledged_and_bounded,Recorded in the risk register and bounded as an explicit limitation or future experiment.,docs/ARGUS_X_DISPOSITION.md; docs/LIMITATIONS.md
K16,K,MULTIMODAL LEARNING PROBLEMS,775,Adding modalities may increase cost.,acknowledged_and_bounded,Recorded in the risk register and bounded as an explicit limitation or future experiment.,docs/ARGUS_X_DISPOSITION.md; docs/LIMITATIONS.md
K17,K,MULTIMODAL LEARNING PROBLEMS,777,Planner must consider the cost of switching modalities.,acknowledged_and_bounded,Recorded in the risk register and bounded as an explicit limitation or future experiment.,docs/ARGUS_X_DISPOSITION.md; docs/LIMITATIONS.md
K18,K,MULTIMODAL LEARNING PROBLEMS,779,Multimodal sensing alone is not novel.,acknowledged_and_bounded,Recorded in the risk register and bounded as an explicit limitation or future experiment.,docs/ARGUS_X_DISPOSITION.md; docs/LIMITATIONS.md
L1,L,BASELINE / REFERENCE MODEL PROBLEMS,785,Random baseline may be too weak.,acknowledged_and_bounded,Recorded in the risk register and bounded as an explicit limitation or future experiment.,docs/ARGUS_X_DISPOSITION.md; docs/LIMITATIONS.md
L2,L,BASELINE / REFERENCE MODEL PROBLEMS,787,Uniform-grid baseline may be too weak.,acknowledged_and_bounded,Recorded in the risk register and bounded as an explicit limitation or future experiment.,docs/ARGUS_X_DISPOSITION.md; docs/LIMITATIONS.md
L3,L,BASELINE / REFERENCE MODEL PROBLEMS,789,Need uncertainty-driven baseline.,acknowledged_and_bounded,Recorded in the risk register and bounded as an explicit limitation or future experiment.,docs/ARGUS_X_DISPOSITION.md; docs/LIMITATIONS.md
L4,L,BASELINE / REFERENCE MODEL PROBLEMS,791,Need greedy information-gain baseline.,acknowledged_and_bounded,Recorded in the risk register and bounded as an explicit limitation or future experiment.,docs/ARGUS_X_DISPOSITION.md; docs/LIMITATIONS.md
L5,L,BASELINE / REFERENCE MODEL PROBLEMS,793,Need Bayesian experimental-design baseline.,acknowledged_and_bounded,Recorded in the risk register and bounded as an explicit limitation or future experiment.,docs/ARGUS_X_DISPOSITION.md; docs/LIMITATIONS.md
L6,L,BASELINE / REFERENCE MODEL PROBLEMS,795,Need learned acquisition-policy baseline.,acknowledged_and_bounded,Recorded in the risk register and bounded as an explicit limitation or future experiment.,docs/ARGUS_X_DISPOSITION.md; docs/LIMITATIONS.md
L7,L,BASELINE / REFERENCE MODEL PROBLEMS,797,Need non-physics neural baseline.,acknowledged_and_bounded,Recorded in the risk register and bounded as an explicit limitation or future experiment.,docs/ARGUS_X_DISPOSITION.md; docs/LIMITATIONS.md
L8,L,BASELINE / REFERENCE MODEL PROBLEMS,799,Need physics-informed neural baseline.,acknowledged_and_bounded,Recorded in the risk register and bounded as an explicit limitation or future experiment.,docs/ARGUS_X_DISPOSITION.md; docs/LIMITATIONS.md
L9,L,BASELINE / REFERENCE MODEL PROBLEMS,801,Need classical signal-processing baseline.,acknowledged_and_bounded,Recorded in the risk register and bounded as an explicit limitation or future experiment.,docs/ARGUS_X_DISPOSITION.md; docs/LIMITATIONS.md
L10,L,BASELINE / REFERENCE MODEL PROBLEMS,803,Need potentially likelihood-free Bayesian baseline.,acknowledged_and_bounded,Recorded in the risk register and bounded as an explicit limitation or future experiment.,docs/ARGUS_X_DISPOSITION.md; docs/LIMITATIONS.md
L11,L,BASELINE / REFERENCE MODEL PROBLEMS,805,Need cross-dataset baseline.,acknowledged_and_bounded,Recorded in the risk register and bounded as an explicit limitation or future experiment.,docs/ARGUS_X_DISPOSITION.md; docs/LIMITATIONS.md
L12,L,BASELINE / REFERENCE MODEL PROBLEMS,807,Need sensor-failure baseline.,acknowledged_and_bounded,Recorded in the risk register and bounded as an explicit limitation or future experiment.,docs/ARGUS_X_DISPOSITION.md; docs/LIMITATIONS.md
L13,L,BASELINE / REFERENCE MODEL PROBLEMS,809,Need fixed-budget benchmark.,acknowledged_and_bounded,Recorded in the risk register and bounded as an explicit limitation or future experiment.,docs/ARGUS_X_DISPOSITION.md; docs/LIMITATIONS.md
L14,L,BASELINE / REFERENCE MODEL PROBLEMS,811,Need fixed-time benchmark.,acknowledged_and_bounded,Recorded in the risk register and bounded as an explicit limitation or future experiment.,docs/ARGUS_X_DISPOSITION.md; docs/LIMITATIONS.md
L15,L,BASELINE / REFERENCE MODEL PROBLEMS,813,Need fixed-cost benchmark.,acknowledged_and_bounded,Recorded in the risk register and bounded as an explicit limitation or future experiment.,docs/ARGUS_X_DISPOSITION.md; docs/LIMITATIONS.md
L16,L,BASELINE / REFERENCE MODEL PROBLEMS,815,Need fixed-number-of-measurements benchmark.,acknowledged_and_bounded,Recorded in the risk register and bounded as an explicit limitation or future experiment.,docs/ARGUS_X_DISPOSITION.md; docs/LIMITATIONS.md
L17,L,BASELINE / REFERENCE MODEL PROBLEMS,817,Need fair computational-budget comparison.,acknowledged_and_bounded,Recorded in the risk register and bounded as an explicit limitation or future experiment.,docs/ARGUS_X_DISPOSITION.md; docs/LIMITATIONS.md
L18,L,BASELINE / REFERENCE MODEL PROBLEMS,819,Need identical sensor/hardware assumptions across methods.,acknowledged_and_bounded,Recorded in the risk register and bounded as an explicit limitation or future experiment.,docs/ARGUS_X_DISPOSITION.md; docs/LIMITATIONS.md
L19,L,BASELINE / REFERENCE MODEL PROBLEMS,821,Need identical train/test splits.,acknowledged_and_bounded,Recorded in the risk register and bounded as an explicit limitation or future experiment.,docs/ARGUS_X_DISPOSITION.md; docs/LIMITATIONS.md
L20,L,BASELINE / REFERENCE MODEL PROBLEMS,823,Need statistical significance analysis.,acknowledged_and_bounded,Recorded in the risk register and bounded as an explicit limitation or future experiment.,docs/ARGUS_X_DISPOSITION.md; docs/LIMITATIONS.md
M1,M,BAYESIAN INFERENCE PROBLEMS,829,Prior distribution may be unrealistic.,partially_mitigated,A bounded software mechanism or test exists; broader robustness/generalization remains open.,backend/app/inference; backend/tests/test_inference.py
M2,M,BAYESIAN INFERENCE PROBLEMS,831,Uniform prior may not reflect real structures.,partially_mitigated,A bounded software mechanism or test exists; broader robustness/generalization remains open.,backend/app/inference; backend/tests/test_inference.py
M3,M,BAYESIAN INFERENCE PROBLEMS,833,Prior may need application-specific information.,partially_mitigated,A bounded software mechanism or test exists; broader robustness/generalization remains open.,backend/app/inference; backend/tests/test_inference.py
M4,M,BAYESIAN INFERENCE PROBLEMS,835,Prior uncertainty may be under-modeled.,partially_mitigated,A bounded software mechanism or test exists; broader robustness/generalization remains open.,backend/app/inference; backend/tests/test_inference.py
M5,M,BAYESIAN INFERENCE PROBLEMS,837,Likelihood model may be misspecified.,partially_mitigated,A bounded software mechanism or test exists; broader robustness/generalization remains open.,backend/app/inference; backend/tests/test_inference.py
M6,M,BAYESIAN INFERENCE PROBLEMS,839,Likelihood calibration may be poor.,partially_mitigated,A bounded software mechanism or test exists; broader robustness/generalization remains open.,backend/app/inference; backend/tests/test_inference.py
M7,M,BAYESIAN INFERENCE PROBLEMS,841,Likelihood may not capture all physical variability.,partially_mitigated,A bounded software mechanism or test exists; broader robustness/generalization remains open.,backend/app/inference; backend/tests/test_inference.py
M8,M,BAYESIAN INFERENCE PROBLEMS,843,Measurements may not be conditionally independent.,partially_mitigated,A bounded software mechanism or test exists; broader robustness/generalization remains open.,backend/app/inference; backend/tests/test_inference.py
M9,M,BAYESIAN INFERENCE PROBLEMS,845,Sequential updates can compound model error.,partially_mitigated,A bounded software mechanism or test exists; broader robustness/generalization remains open.,backend/app/inference; backend/tests/test_inference.py
M10,M,BAYESIAN INFERENCE PROBLEMS,847,Posterior can become overconfident.,implemented_and_tested,Executable software control; scope remains research-only.,backend/app/inference; backend/tests/test_inference.py
M11,M,BAYESIAN INFERENCE PROBLEMS,849,Posterior may collapse around the wrong hypothesis.,partially_mitigated,A bounded software mechanism or test exists; broader robustness/generalization remains open.,backend/app/inference; backend/tests/test_inference.py
M12,M,BAYESIAN INFERENCE PROBLEMS,851,Model mismatch can produce false certainty.,partially_mitigated,A bounded software mechanism or test exists; broader robustness/generalization remains open.,backend/app/inference; backend/tests/test_inference.py
M13,M,BAYESIAN INFERENCE PROBLEMS,853,Single measurement may dominate posterior.,partially_mitigated,A bounded software mechanism or test exists; broader robustness/generalization remains open.,backend/app/inference; backend/tests/test_inference.py
M14,M,BAYESIAN INFERENCE PROBLEMS,855,Numerical underflow may affect likelihood calculations.,implemented_and_tested,Executable software control; scope remains research-only.,backend/app/inference; backend/tests/test_inference.py
M15,M,BAYESIAN INFERENCE PROBLEMS,857,Posterior resolution may be limited by grid resolution.,partially_mitigated,A bounded software mechanism or test exists; broader robustness/generalization remains open.,backend/app/inference; backend/tests/test_inference.py
M16,M,BAYESIAN INFERENCE PROBLEMS,859,Grid discretization creates localization quantization.,partially_mitigated,A bounded software mechanism or test exists; broader robustness/generalization remains open.,backend/app/inference; backend/tests/test_inference.py
M17,M,BAYESIAN INFERENCE PROBLEMS,861,Continuous defect coordinates may be needed.,partially_mitigated,A bounded software mechanism or test exists; broader robustness/generalization remains open.,backend/app/inference; backend/tests/test_inference.py
M18,M,BAYESIAN INFERENCE PROBLEMS,863,Posterior may need to represent defect extent.,partially_mitigated,A bounded software mechanism or test exists; broader robustness/generalization remains open.,backend/app/inference; backend/tests/test_inference.py
M19,M,BAYESIAN INFERENCE PROBLEMS,865,Posterior may need to represent multiple defects.,implemented_and_tested,Executable software control; scope remains research-only.,backend/app/inference; backend/tests/test_inference.py
M20,M,BAYESIAN INFERENCE PROBLEMS,867,Posterior should potentially represent defect type and severity jointly.,partially_mitigated,A bounded software mechanism or test exists; broader robustness/generalization remains open.,backend/app/inference; backend/tests/test_inference.py
M21,M,BAYESIAN INFERENCE PROBLEMS,869,Exact posterior uncertainty may not be tractable.,partially_mitigated,A bounded software mechanism or test exists; broader robustness/generalization remains open.,backend/app/inference; backend/tests/test_inference.py
M22,M,BAYESIAN INFERENCE PROBLEMS,871,Approximate Bayesian methods may be necessary.,partially_mitigated,A bounded software mechanism or test exists; broader robustness/generalization remains open.,backend/app/inference; backend/tests/test_inference.py
M23,M,BAYESIAN INFERENCE PROBLEMS,873,Likelihood-free inference could be explored.,partially_mitigated,A bounded software mechanism or test exists; broader robustness/generalization remains open.,backend/app/inference; backend/tests/test_inference.py
M24,M,BAYESIAN INFERENCE PROBLEMS,875,"Bayesian computation cost may grow with candidate count. identification, meaning a handcrafted explicit likelihood is not the only available direction.",partially_mitigated,A bounded software mechanism or test exists; broader robustness/generalization remains open.,backend/app/inference; backend/tests/test_inference.py
N1,N,UNCERTAINTY QUANTIFICATION PROBLEMS,884,Current confidence is heuristic.,partially_mitigated,A bounded software mechanism or test exists; broader robustness/generalization remains open.,backend/app/inference/calibration.py; scripts/neo_calibration.py
N2,N,UNCERTAINTY QUANTIFICATION PROBLEMS,886,Confidence may not be statistically calibrated.,partially_mitigated,A bounded software mechanism or test exists; broader robustness/generalization remains open.,backend/app/inference/calibration.py; scripts/neo_calibration.py
N3,N,UNCERTAINTY QUANTIFICATION PROBLEMS,888,Confidence may not correspond to empirical correctness.,partially_mitigated,A bounded software mechanism or test exists; broader robustness/generalization remains open.,backend/app/inference/calibration.py; scripts/neo_calibration.py
N4,N,UNCERTAINTY QUANTIFICATION PROBLEMS,890,Model uncertainty may be missing.,partially_mitigated,A bounded software mechanism or test exists; broader robustness/generalization remains open.,backend/app/inference/calibration.py; scripts/neo_calibration.py
N5,N,UNCERTAINTY QUANTIFICATION PROBLEMS,892,Data uncertainty may be missing.,partially_mitigated,A bounded software mechanism or test exists; broader robustness/generalization remains open.,backend/app/inference/calibration.py; scripts/neo_calibration.py
N6,N,UNCERTAINTY QUANTIFICATION PROBLEMS,894,Physics-model uncertainty may be missing.,partially_mitigated,A bounded software mechanism or test exists; broader robustness/generalization remains open.,backend/app/inference/calibration.py; scripts/neo_calibration.py
N7,N,UNCERTAINTY QUANTIFICATION PROBLEMS,896,Sensor uncertainty may be missing.,partially_mitigated,A bounded software mechanism or test exists; broader robustness/generalization remains open.,backend/app/inference/calibration.py; scripts/neo_calibration.py
N8,N,UNCERTAINTY QUANTIFICATION PROBLEMS,898,Domain uncertainty may be missing.,partially_mitigated,A bounded software mechanism or test exists; broader robustness/generalization remains open.,backend/app/inference/calibration.py; scripts/neo_calibration.py
N9,N,UNCERTAINTY QUANTIFICATION PROBLEMS,900,Posterior uncertainty may be incorrectly interpreted as model confidence.,partially_mitigated,A bounded software mechanism or test exists; broader robustness/generalization remains open.,backend/app/inference/calibration.py; scripts/neo_calibration.py
N10,N,UNCERTAINTY QUANTIFICATION PROBLEMS,902,Need confidence calibration.,implemented_and_tested,Executable software control; scope remains research-only.,backend/app/inference/calibration.py; scripts/neo_calibration.py
N11,N,UNCERTAINTY QUANTIFICATION PROBLEMS,904,Need reliability diagrams.,partially_mitigated,A bounded software mechanism or test exists; broader robustness/generalization remains open.,backend/app/inference/calibration.py; scripts/neo_calibration.py
N12,N,UNCERTAINTY QUANTIFICATION PROBLEMS,906,Need expected calibration error.,partially_mitigated,A bounded software mechanism or test exists; broader robustness/generalization remains open.,backend/app/inference/calibration.py; scripts/neo_calibration.py
N13,N,UNCERTAINTY QUANTIFICATION PROBLEMS,908,Need calibration under distribution shift.,partially_mitigated,A bounded software mechanism or test exists; broader robustness/generalization remains open.,backend/app/inference/calibration.py; scripts/neo_calibration.py
N14,N,UNCERTAINTY QUANTIFICATION PROBLEMS,910,Need uncertainty under sensor failure.,partially_mitigated,A bounded software mechanism or test exists; broader robustness/generalization remains open.,backend/app/inference/calibration.py; scripts/neo_calibration.py
N15,N,UNCERTAINTY QUANTIFICATION PROBLEMS,912,Need uncertainty under noise increase.,partially_mitigated,A bounded software mechanism or test exists; broader robustness/generalization remains open.,backend/app/inference/calibration.py; scripts/neo_calibration.py
N16,N,UNCERTAINTY QUANTIFICATION PROBLEMS,914,Need uncertainty under unseen defect types.,partially_mitigated,A bounded software mechanism or test exists; broader robustness/generalization remains open.,backend/app/inference/calibration.py; scripts/neo_calibration.py
N17,N,UNCERTAINTY QUANTIFICATION PROBLEMS,916,Need uncertainty under unseen structures.,partially_mitigated,A bounded software mechanism or test exists; broader robustness/generalization remains open.,backend/app/inference/calibration.py; scripts/neo_calibration.py
N18,N,UNCERTAINTY QUANTIFICATION PROBLEMS,918,Need confidence intervals for localization.,implemented_and_tested,Executable software control; scope remains research-only.,backend/app/inference/calibration.py; scripts/neo_calibration.py
N19,N,UNCERTAINTY QUANTIFICATION PROBLEMS,920,Need prediction regions rather than only point predictions.,implemented_and_tested,Executable software control; scope remains research-only.,backend/app/inference/calibration.py; scripts/neo_calibration.py
N20,N,UNCERTAINTY QUANTIFICATION PROBLEMS,922,Need coverage guarantees where possible.,partially_mitigated,A bounded software mechanism or test exists; broader robustness/generalization remains open.,backend/app/inference/calibration.py; scripts/neo_calibration.py
N21,N,UNCERTAINTY QUANTIFICATION PROBLEMS,924,Need sharpness analysis.,partially_mitigated,A bounded software mechanism or test exists; broader robustness/generalization remains open.,backend/app/inference/calibration.py; scripts/neo_calibration.py
N22,N,UNCERTAINTY QUANTIFICATION PROBLEMS,926,Need calibration after domain adaptation.,partially_mitigated,A bounded software mechanism or test exists; broader robustness/generalization remains open.,backend/app/inference/calibration.py; scripts/neo_calibration.py
O1,O,OUT-OF-DISTRIBUTION / UNKNOWN DAMAGE PROBLEMS,932,Model may confidently predict a class it has never seen.,partially_mitigated,A bounded software mechanism or test exists; broader robustness/generalization remains open.,backend/app/ood/detection.py; docs/OOD_AND_ABSTENTION.md
O2,O,OUT-OF-DISTRIBUTION / UNKNOWN DAMAGE PROBLEMS,934,Unknown defect types may be forced into known classes.,partially_mitigated,A bounded software mechanism or test exists; broader robustness/generalization remains open.,backend/app/ood/detection.py; docs/OOD_AND_ABSTENTION.md
O3,O,OUT-OF-DISTRIBUTION / UNKNOWN DAMAGE PROBLEMS,936,Unknown materials may be classified incorrectly.,partially_mitigated,A bounded software mechanism or test exists; broader robustness/generalization remains open.,backend/app/ood/detection.py; docs/OOD_AND_ABSTENTION.md
O4,O,OUT-OF-DISTRIBUTION / UNKNOWN DAMAGE PROBLEMS,938,Unknown structures may produce false confidence.,partially_mitigated,A bounded software mechanism or test exists; broader robustness/generalization remains open.,backend/app/ood/detection.py; docs/OOD_AND_ABSTENTION.md
O5,O,OUT-OF-DISTRIBUTION / UNKNOWN DAMAGE PROBLEMS,940,Sensor faults may look like damage.,partially_mitigated,A bounded software mechanism or test exists; broader robustness/generalization remains open.,backend/app/ood/detection.py; docs/OOD_AND_ABSTENTION.md
O6,O,OUT-OF-DISTRIBUTION / UNKNOWN DAMAGE PROBLEMS,942,Environmental changes may look like damage.,partially_mitigated,A bounded software mechanism or test exists; broader robustness/generalization remains open.,backend/app/ood/detection.py; docs/OOD_AND_ABSTENTION.md
O7,O,OUT-OF-DISTRIBUTION / UNKNOWN DAMAGE PROBLEMS,944,System currently needs an explicit abstention strategy.,implemented_and_tested,Executable software control; scope remains research-only.,backend/app/ood/detection.py; docs/OOD_AND_ABSTENTION.md
O8,O,OUT-OF-DISTRIBUTION / UNKNOWN DAMAGE PROBLEMS,946,Need OOD detection.,implemented_and_tested,Executable software control; scope remains research-only.,backend/app/ood/detection.py; docs/OOD_AND_ABSTENTION.md
O9,O,OUT-OF-DISTRIBUTION / UNKNOWN DAMAGE PROBLEMS,948,Need anomaly scoring.,implemented_and_tested,Executable software control; scope remains research-only.,backend/app/ood/detection.py; docs/OOD_AND_ABSTENTION.md
O10,O,OUT-OF-DISTRIBUTION / UNKNOWN DAMAGE PROBLEMS,950,Need reject-option classification.,implemented_and_tested,Executable software control; scope remains research-only.,backend/app/ood/detection.py; docs/OOD_AND_ABSTENTION.md
O11,O,OUT-OF-DISTRIBUTION / UNKNOWN DAMAGE PROBLEMS,952,"Need ""insufficient evidence"" output.",implemented_and_tested,Executable software control; scope remains research-only.,backend/app/ood/detection.py; docs/OOD_AND_ABSTENTION.md
O12,O,OUT-OF-DISTRIBUTION / UNKNOWN DAMAGE PROBLEMS,954,"Need ""request another measurement"" output.",implemented_and_tested,Executable software control; scope remains research-only.,backend/app/ood/detection.py; docs/OOD_AND_ABSTENTION.md
O13,O,OUT-OF-DISTRIBUTION / UNKNOWN DAMAGE PROBLEMS,956,"Need ""human inspection required"" output.",implemented_and_tested,Executable software control; scope remains research-only.,backend/app/ood/detection.py; docs/OOD_AND_ABSTENTION.md
O14,O,OUT-OF-DISTRIBUTION / UNKNOWN DAMAGE PROBLEMS,958,OOD threshold needs calibration.,partially_mitigated,A bounded software mechanism or test exists; broader robustness/generalization remains open.,backend/app/ood/detection.py; docs/OOD_AND_ABSTENTION.md
O15,O,OUT-OF-DISTRIBUTION / UNKNOWN DAMAGE PROBLEMS,960,OOD detector itself may fail under domain shift.,partially_mitigated,A bounded software mechanism or test exists; broader robustness/generalization remains open.,backend/app/ood/detection.py; docs/OOD_AND_ABSTENTION.md
P1,P,ACTIVE SENSING / EXPERIMENT DESIGN PROBLEMS,966,Candidate experiment space may be enormous.,partially_mitigated,A bounded software mechanism or test exists; broader robustness/generalization remains open.,backend/app/active_learning/neo_planner.py; backend/app/safety/constraints.py
P2,P,ACTIVE SENSING / EXPERIMENT DESIGN PROBLEMS,968,Candidate evaluation may be computationally expensive.,partially_mitigated,A bounded software mechanism or test exists; broader robustness/generalization remains open.,backend/app/active_learning/neo_planner.py; backend/app/safety/constraints.py
P3,P,ACTIVE SENSING / EXPERIMENT DESIGN PROBLEMS,970,Current score contains manually selected weights.,partially_mitigated,A bounded software mechanism or test exists; broader robustness/generalization remains open.,backend/app/active_learning/neo_planner.py; backend/app/safety/constraints.py
P4,P,ACTIVE SENSING / EXPERIMENT DESIGN PROBLEMS,972,Manual weights may not generalize across applications.,partially_mitigated,A bounded software mechanism or test exists; broader robustness/generalization remains open.,backend/app/active_learning/neo_planner.py; backend/app/safety/constraints.py
P5,P,ACTIVE SENSING / EXPERIMENT DESIGN PROBLEMS,974,Information gain may not equal engineering value.,partially_mitigated,A bounded software mechanism or test exists; broader robustness/generalization remains open.,backend/app/active_learning/neo_planner.py; backend/app/safety/constraints.py
P6,P,ACTIVE SENSING / EXPERIMENT DESIGN PROBLEMS,976,Entropy reduction may not equal defect-detection value.,partially_mitigated,A bounded software mechanism or test exists; broader robustness/generalization remains open.,backend/app/active_learning/neo_planner.py; backend/app/safety/constraints.py
P7,P,ACTIVE SENSING / EXPERIMENT DESIGN PROBLEMS,978,An experiment can reduce entropy but fail to improve localization.,partially_mitigated,A bounded software mechanism or test exists; broader robustness/generalization remains open.,backend/app/active_learning/neo_planner.py; backend/app/safety/constraints.py
P8,P,ACTIVE SENSING / EXPERIMENT DESIGN PROBLEMS,980,Information gain may favor already highly probable hypotheses.,partially_mitigated,A bounded software mechanism or test exists; broader robustness/generalization remains open.,backend/app/active_learning/neo_planner.py; backend/app/safety/constraints.py
P9,P,ACTIVE SENSING / EXPERIMENT DESIGN PROBLEMS,982,Rare but critical hypotheses may be ignored.,partially_mitigated,A bounded software mechanism or test exists; broader robustness/generalization remains open.,backend/app/active_learning/neo_planner.py; backend/app/safety/constraints.py
P10,P,ACTIVE SENSING / EXPERIMENT DESIGN PROBLEMS,984,Worst-case risk may matter more than expected information.,partially_mitigated,A bounded software mechanism or test exists; broader robustness/generalization remains open.,backend/app/active_learning/neo_planner.py; backend/app/safety/constraints.py
P11,P,ACTIVE SENSING / EXPERIMENT DESIGN PROBLEMS,986,Bayesian expected utility may be more appropriate in safety-critical use.,partially_mitigated,A bounded software mechanism or test exists; broader robustness/generalization remains open.,backend/app/active_learning/neo_planner.py; backend/app/safety/constraints.py
P12,P,ACTIVE SENSING / EXPERIMENT DESIGN PROBLEMS,988,Physical cost may be incompletely modeled.,implemented_and_tested,Executable software control; scope remains research-only.,backend/app/active_learning/neo_planner.py; backend/app/safety/constraints.py
P13,P,ACTIVE SENSING / EXPERIMENT DESIGN PROBLEMS,990,Travel distance may be incomplete.,implemented_and_tested,Executable software control; scope remains research-only.,backend/app/active_learning/neo_planner.py; backend/app/safety/constraints.py
P14,P,ACTIVE SENSING / EXPERIMENT DESIGN PROBLEMS,992,Energy cost may be incomplete.,implemented_and_tested,Executable software control; scope remains research-only.,backend/app/active_learning/neo_planner.py; backend/app/safety/constraints.py
P15,P,ACTIVE SENSING / EXPERIMENT DESIGN PROBLEMS,994,Measurement time may be incomplete.,implemented_and_tested,Executable software control; scope remains research-only.,backend/app/active_learning/neo_planner.py; backend/app/safety/constraints.py
P16,P,ACTIVE SENSING / EXPERIMENT DESIGN PROBLEMS,996,Sensor switching cost may be incomplete.,partially_mitigated,A bounded software mechanism or test exists; broader robustness/generalization remains open.,backend/app/active_learning/neo_planner.py; backend/app/safety/constraints.py
P17,P,ACTIVE SENSING / EXPERIMENT DESIGN PROBLEMS,998,Operator interaction cost may be ignored.,partially_mitigated,A bounded software mechanism or test exists; broader robustness/generalization remains open.,backend/app/active_learning/neo_planner.py; backend/app/safety/constraints.py
P18,P,ACTIVE SENSING / EXPERIMENT DESIGN PROBLEMS,1000,Safety risk may be ignored.,partially_mitigated,A bounded software mechanism or test exists; broader robustness/generalization remains open.,backend/app/active_learning/neo_planner.py; backend/app/safety/constraints.py
P19,P,ACTIVE SENSING / EXPERIMENT DESIGN PROBLEMS,1002,Access constraints may be ignored.,partially_mitigated,A bounded software mechanism or test exists; broader robustness/generalization remains open.,backend/app/active_learning/neo_planner.py; backend/app/safety/constraints.py
P20,P,ACTIVE SENSING / EXPERIMENT DESIGN PROBLEMS,1004,Obstructions may be ignored.,partially_mitigated,A bounded software mechanism or test exists; broader robustness/generalization remains open.,backend/app/active_learning/neo_planner.py; backend/app/safety/constraints.py
P21,P,ACTIVE SENSING / EXPERIMENT DESIGN PROBLEMS,1006,Sensor reachability may be ignored.,partially_mitigated,A bounded software mechanism or test exists; broader robustness/generalization remains open.,backend/app/active_learning/neo_planner.py; backend/app/safety/constraints.py
P22,P,ACTIVE SENSING / EXPERIMENT DESIGN PROBLEMS,1008,Physical collision constraints may be ignored.,partially_mitigated,A bounded software mechanism or test exists; broader robustness/generalization remains open.,backend/app/active_learning/neo_planner.py; backend/app/safety/constraints.py
P23,P,ACTIVE SENSING / EXPERIMENT DESIGN PROBLEMS,1010,Candidate experiments may not be feasible physically.,implemented_and_tested,Executable software control; scope remains research-only.,backend/app/active_learning/neo_planner.py; backend/app/safety/constraints.py
P24,P,ACTIVE SENSING / EXPERIMENT DESIGN PROBLEMS,1012,Probe path planning may be separated from experiment planning.,partially_mitigated,A bounded software mechanism or test exists; broader robustness/generalization remains open.,backend/app/active_learning/neo_planner.py; backend/app/safety/constraints.py
P25,P,ACTIVE SENSING / EXPERIMENT DESIGN PROBLEMS,1014,Planner may select geometrically informative but physically impossible actions.,implemented_and_tested,Executable software control; scope remains research-only.,backend/app/active_learning/neo_planner.py; backend/app/safety/constraints.py
P26,P,ACTIVE SENSING / EXPERIMENT DESIGN PROBLEMS,1016,Redundancy penalty may be too simplistic.,implemented_and_tested,Executable software control; scope remains research-only.,backend/app/active_learning/neo_planner.py; backend/app/safety/constraints.py
P27,P,ACTIVE SENSING / EXPERIMENT DESIGN PROBLEMS,1018,Two different experiments may still be statistically redundant.,partially_mitigated,A bounded software mechanism or test exists; broader robustness/generalization remains open.,backend/app/active_learning/neo_planner.py; backend/app/safety/constraints.py
P28,P,ACTIVE SENSING / EXPERIMENT DESIGN PROBLEMS,1020,Sequence dependence may be important.,partially_mitigated,A bounded software mechanism or test exists; broader robustness/generalization remains open.,backend/app/active_learning/neo_planner.py; backend/app/safety/constraints.py
P29,P,ACTIVE SENSING / EXPERIMENT DESIGN PROBLEMS,1022,Greedy one-step planning may be suboptimal.,partially_mitigated,A bounded software mechanism or test exists; broader robustness/generalization remains open.,backend/app/active_learning/neo_planner.py; backend/app/safety/constraints.py
P30,P,ACTIVE SENSING / EXPERIMENT DESIGN PROBLEMS,1024,Multi-step planning may improve performance.,partially_mitigated,A bounded software mechanism or test exists; broader robustness/generalization remains open.,backend/app/active_learning/neo_planner.py; backend/app/safety/constraints.py
P31,P,ACTIVE SENSING / EXPERIMENT DESIGN PROBLEMS,1026,Long-horizon planning can explode combinatorially.,partially_mitigated,A bounded software mechanism or test exists; broader robustness/generalization remains open.,backend/app/active_learning/neo_planner.py; backend/app/safety/constraints.py
P32,P,ACTIVE SENSING / EXPERIMENT DESIGN PROBLEMS,1028,Planner should potentially use receding-horizon optimization.,implemented_and_tested,Executable software control; scope remains research-only.,backend/app/active_learning/neo_planner.py; backend/app/safety/constraints.py
P33,P,ACTIVE SENSING / EXPERIMENT DESIGN PROBLEMS,1030,Planner could model experiment selection as a POMDP.,partially_mitigated,A bounded software mechanism or test exists; broader robustness/generalization remains open.,backend/app/active_learning/neo_planner.py; backend/app/safety/constraints.py
P34,P,ACTIVE SENSING / EXPERIMENT DESIGN PROBLEMS,1032,Planner could use Bayesian optimization.,partially_mitigated,A bounded software mechanism or test exists; broader robustness/generalization remains open.,backend/app/active_learning/neo_planner.py; backend/app/safety/constraints.py
P35,P,ACTIVE SENSING / EXPERIMENT DESIGN PROBLEMS,1034,Planner could use contextual bandits.,partially_mitigated,A bounded software mechanism or test exists; broader robustness/generalization remains open.,backend/app/active_learning/neo_planner.py; backend/app/safety/constraints.py
P36,P,ACTIVE SENSING / EXPERIMENT DESIGN PROBLEMS,1036,Planner could use reinforcement learning.,partially_mitigated,A bounded software mechanism or test exists; broader robustness/generalization remains open.,backend/app/active_learning/neo_planner.py; backend/app/safety/constraints.py
P37,P,ACTIVE SENSING / EXPERIMENT DESIGN PROBLEMS,1038,RL may introduce sample inefficiency.,partially_mitigated,A bounded software mechanism or test exists; broader robustness/generalization remains open.,backend/app/active_learning/neo_planner.py; backend/app/safety/constraints.py
P38,P,ACTIVE SENSING / EXPERIMENT DESIGN PROBLEMS,1040,RL may exploit simulator loopholes.,partially_mitigated,A bounded software mechanism or test exists; broader robustness/generalization remains open.,backend/app/active_learning/neo_planner.py; backend/app/safety/constraints.py
P39,P,ACTIVE SENSING / EXPERIMENT DESIGN PROBLEMS,1042,RL policy may fail under real-world distribution shift.,partially_mitigated,A bounded software mechanism or test exists; broader robustness/generalization remains open.,backend/app/active_learning/neo_planner.py; backend/app/safety/constraints.py
P40,P,ACTIVE SENSING / EXPERIMENT DESIGN PROBLEMS,1044,Learned planners can become opaque.,partially_mitigated,A bounded software mechanism or test exists; broader robustness/generalization remains open.,backend/app/active_learning/neo_planner.py; backend/app/safety/constraints.py
P41,P,ACTIVE SENSING / EXPERIMENT DESIGN PROBLEMS,1046,Planner needs safety constraints.,implemented_and_tested,Executable software control; scope remains research-only.,backend/app/active_learning/neo_planner.py; backend/app/safety/constraints.py
P42,P,ACTIVE SENSING / EXPERIMENT DESIGN PROBLEMS,1048,Planner needs hard feasibility constraints.,implemented_and_tested,Executable software control; scope remains research-only.,backend/app/active_learning/neo_planner.py; backend/app/safety/constraints.py
P43,P,ACTIVE SENSING / EXPERIMENT DESIGN PROBLEMS,1050,Planner needs action uncertainty.,partially_mitigated,A bounded software mechanism or test exists; broader robustness/generalization remains open.,backend/app/active_learning/neo_planner.py; backend/app/safety/constraints.py
P44,P,ACTIVE SENSING / EXPERIMENT DESIGN PROBLEMS,1052,Planner needs sensor reliability information.,implemented_and_tested,Executable software control; scope remains research-only.,backend/app/active_learning/neo_planner.py; backend/app/safety/constraints.py
P45,P,ACTIVE SENSING / EXPERIMENT DESIGN PROBLEMS,1054,Planner should possibly choose sensing modality as an action.,implemented_and_tested,Executable software control; scope remains research-only.,backend/app/active_learning/neo_planner.py; backend/app/safety/constraints.py
P46,P,ACTIVE SENSING / EXPERIMENT DESIGN PROBLEMS,1056,Planner should possibly choose frequency as an action.,implemented_and_tested,Executable software control; scope remains research-only.,backend/app/active_learning/neo_planner.py; backend/app/safety/constraints.py
P47,P,ACTIVE SENSING / EXPERIMENT DESIGN PROBLEMS,1058,Planner should possibly choose waveform as an action.,implemented_and_tested,Executable software control; scope remains research-only.,backend/app/active_learning/neo_planner.py; backend/app/safety/constraints.py
P48,P,ACTIVE SENSING / EXPERIMENT DESIGN PROBLEMS,1060,Planner should possibly choose amplitude as an action.,implemented_and_tested,Executable software control; scope remains research-only.,backend/app/active_learning/neo_planner.py; backend/app/safety/constraints.py
P49,P,ACTIVE SENSING / EXPERIMENT DESIGN PROBLEMS,1062,Planner should possibly choose source/receiver positions jointly.,implemented_and_tested,Executable software control; scope remains research-only.,backend/app/active_learning/neo_planner.py; backend/app/safety/constraints.py
P50,P,ACTIVE SENSING / EXPERIMENT DESIGN PROBLEMS,1064,Planner should account for uncertainty in physical execution.,partially_mitigated,A bounded software mechanism or test exists; broader robustness/generalization remains open.,backend/app/active_learning/neo_planner.py; backend/app/safety/constraints.py
Q1,Q,DECISION-THEORETIC PROBLEMS,1070,Information gain is not the same as decision value.,partially_mitigated,A bounded software mechanism or test exists; broader robustness/generalization remains open.,backend/app/decision/loss.py
Q2,Q,DECISION-THEORETIC PROBLEMS,1072,Localization error is not the same as engineering loss.,partially_mitigated,A bounded software mechanism or test exists; broader robustness/generalization remains open.,backend/app/decision/loss.py
Q3,Q,DECISION-THEORETIC PROBLEMS,1074,False negative and false positive costs are different.,implemented_and_tested,Executable software control; scope remains research-only.,backend/app/decision/loss.py
Q4,Q,DECISION-THEORETIC PROBLEMS,1076,Missing a critical defect may be much more costly than over-inspection.,implemented_and_tested,Executable software control; scope remains research-only.,backend/app/decision/loss.py
Q5,Q,DECISION-THEORETIC PROBLEMS,1078,Inspection decisions can depend on structural criticality.,partially_mitigated,A bounded software mechanism or test exists; broader robustness/generalization remains open.,backend/app/decision/loss.py
Q6,Q,DECISION-THEORETIC PROBLEMS,1080,Damage severity should affect decision thresholds.,partially_mitigated,A bounded software mechanism or test exists; broader robustness/generalization remains open.,backend/app/decision/loss.py
Q7,Q,DECISION-THEORETIC PROBLEMS,1082,Risk should influence experiment selection.,implemented_and_tested,Executable software control; scope remains research-only.,backend/app/decision/loss.py
Q8,Q,DECISION-THEORETIC PROBLEMS,1084,Maintenance cost should potentially influence action selection.,partially_mitigated,A bounded software mechanism or test exists; broader robustness/generalization remains open.,backend/app/decision/loss.py
Q9,Q,DECISION-THEORETIC PROBLEMS,1086,Downtime should influence action selection.,partially_mitigated,A bounded software mechanism or test exists; broader robustness/generalization remains open.,backend/app/decision/loss.py
Q10,Q,DECISION-THEORETIC PROBLEMS,1088,Safety consequence should influence action selection.,partially_mitigated,A bounded software mechanism or test exists; broader robustness/generalization remains open.,backend/app/decision/loss.py
Q11,Q,DECISION-THEORETIC PROBLEMS,1090,Need explicit Bayes-risk formulation.,implemented_and_tested,Executable software control; scope remains research-only.,backend/app/decision/loss.py
Q12,Q,DECISION-THEORETIC PROBLEMS,1092,Need application-dependent cost matrix.,implemented_and_tested,Executable software control; scope remains research-only.,backend/app/decision/loss.py
Q13,Q,DECISION-THEORETIC PROBLEMS,1094,"Need distinction between information-optimal and risk-optimal inspection. Optimal Bayesian sensor/experiment design for guided-wave SHM has existed for years, including Bayes-risk formulations; therefore simply claiming ""Bayesian active sensor selection"" as novel would be unsafe.",implemented_and_tested,Executable software control; scope remains research-only.,backend/app/decision/loss.py
R1,R,STOPPING-CONDITION PROBLEMS,1103,Fixed confidence threshold may be poorly calibrated.,partially_mitigated,A bounded software mechanism or test exists; broader robustness/generalization remains open.,backend/app/decision/stopping.py
R2,R,STOPPING-CONDITION PROBLEMS,1105,Fixed entropy threshold may not imply useful localization.,partially_mitigated,A bounded software mechanism or test exists; broader robustness/generalization remains open.,backend/app/decision/stopping.py
R3,R,STOPPING-CONDITION PROBLEMS,1107,Some defects may require more measurements.,partially_mitigated,A bounded software mechanism or test exists; broader robustness/generalization remains open.,backend/app/decision/stopping.py
R4,R,STOPPING-CONDITION PROBLEMS,1109,Some defects may never reach threshold.,partially_mitigated,A bounded software mechanism or test exists; broader robustness/generalization remains open.,backend/app/decision/stopping.py
R5,R,STOPPING-CONDITION PROBLEMS,1111,Planner may stop too early.,partially_mitigated,A bounded software mechanism or test exists; broader robustness/generalization remains open.,backend/app/decision/stopping.py
R6,R,STOPPING-CONDITION PROBLEMS,1113,Planner may inspect too long.,partially_mitigated,A bounded software mechanism or test exists; broader robustness/generalization remains open.,backend/app/decision/stopping.py
R7,R,STOPPING-CONDITION PROBLEMS,1115,"Confidence may rise due to model bias, not evidence.",partially_mitigated,A bounded software mechanism or test exists; broader robustness/generalization remains open.,backend/app/decision/stopping.py
R8,R,STOPPING-CONDITION PROBLEMS,1117,Entropy may decline while posterior is wrong.,partially_mitigated,A bounded software mechanism or test exists; broader robustness/generalization remains open.,backend/app/decision/stopping.py
R9,R,STOPPING-CONDITION PROBLEMS,1119,Stop condition should potentially depend on application risk.,implemented_and_tested,Executable software control; scope remains research-only.,backend/app/decision/stopping.py
R10,R,STOPPING-CONDITION PROBLEMS,1121,Stop condition should potentially depend on defect severity.,partially_mitigated,A bounded software mechanism or test exists; broader robustness/generalization remains open.,backend/app/decision/stopping.py
R11,R,STOPPING-CONDITION PROBLEMS,1123,Stop condition should potentially depend on OOD status.,implemented_and_tested,Executable software control; scope remains research-only.,backend/app/decision/stopping.py
R12,R,STOPPING-CONDITION PROBLEMS,1125,Stop condition should potentially depend on hardware reliability.,implemented_and_tested,Executable software control; scope remains research-only.,backend/app/decision/stopping.py
R13,R,STOPPING-CONDITION PROBLEMS,1127,Need measurement-budget stopping.,implemented_and_tested,Executable software control; scope remains research-only.,backend/app/decision/stopping.py
R14,R,STOPPING-CONDITION PROBLEMS,1129,Need time-budget stopping.,implemented_and_tested,Executable software control; scope remains research-only.,backend/app/decision/stopping.py
R15,R,STOPPING-CONDITION PROBLEMS,1131,Need energy-budget stopping.,partially_mitigated,A bounded software mechanism or test exists; broader robustness/generalization remains open.,backend/app/decision/stopping.py
R16,R,STOPPING-CONDITION PROBLEMS,1133,Need risk-budget stopping.,partially_mitigated,A bounded software mechanism or test exists; broader robustness/generalization remains open.,backend/app/decision/stopping.py
S1,S,MULTI-DEFECT PROBLEMS,1139,Single dominant defect assumption is restrictive.,partially_mitigated,A bounded software mechanism or test exists; broader robustness/generalization remains open.,backend/app/inference/structural_posterior.py; backend/app/assurance/monitor.py
S2,S,MULTI-DEFECT PROBLEMS,1141,Multiple defects produce overlapping wave responses.,partially_mitigated,A bounded software mechanism or test exists; broader robustness/generalization remains open.,backend/app/inference/structural_posterior.py; backend/app/assurance/monitor.py
S3,S,MULTI-DEFECT PROBLEMS,1143,Scattering from defects can interact.,partially_mitigated,A bounded software mechanism or test exists; broader robustness/generalization remains open.,backend/app/inference/structural_posterior.py; backend/app/assurance/monitor.py
S4,S,MULTI-DEFECT PROBLEMS,1145,Closely spaced defects may be unresolved.,partially_mitigated,A bounded software mechanism or test exists; broader robustness/generalization remains open.,backend/app/inference/structural_posterior.py; backend/app/assurance/monitor.py
S5,S,MULTI-DEFECT PROBLEMS,1147,Posterior can become multimodal.,partially_mitigated,A bounded software mechanism or test exists; broader robustness/generalization remains open.,backend/app/inference/structural_posterior.py; backend/app/assurance/monitor.py
S6,S,MULTI-DEFECT PROBLEMS,1149,Single Gaussian-like uncertainty assumptions may fail.,partially_mitigated,A bounded software mechanism or test exists; broader robustness/generalization remains open.,backend/app/inference/structural_posterior.py; backend/app/assurance/monitor.py
S7,S,MULTI-DEFECT PROBLEMS,1151,Defect count may be unknown.,partially_mitigated,A bounded software mechanism or test exists; broader robustness/generalization remains open.,backend/app/inference/structural_posterior.py; backend/app/assurance/monitor.py
S8,S,MULTI-DEFECT PROBLEMS,1153,Need joint inference of defect count.,partially_mitigated,A bounded software mechanism or test exists; broader robustness/generalization remains open.,backend/app/inference/structural_posterior.py; backend/app/assurance/monitor.py
S9,S,MULTI-DEFECT PROBLEMS,1155,Need instance separation.,partially_mitigated,A bounded software mechanism or test exists; broader robustness/generalization remains open.,backend/app/inference/structural_posterior.py; backend/app/assurance/monitor.py
S10,S,MULTI-DEFECT PROBLEMS,1157,Need defect association across measurements.,partially_mitigated,A bounded software mechanism or test exists; broader robustness/generalization remains open.,backend/app/inference/structural_posterior.py; backend/app/assurance/monitor.py
S11,S,MULTI-DEFECT PROBLEMS,1159,New measurements may reveal additional defects.,partially_mitigated,A bounded software mechanism or test exists; broader robustness/generalization remains open.,backend/app/inference/structural_posterior.py; backend/app/assurance/monitor.py
S12,S,MULTI-DEFECT PROBLEMS,1161,Existing defect estimates may need to be revised.,partially_mitigated,A bounded software mechanism or test exists; broader robustness/generalization remains open.,backend/app/inference/structural_posterior.py; backend/app/assurance/monitor.py
S13,S,MULTI-DEFECT PROBLEMS,1163,Planner must decide whether to refine known defects or search globally.,partially_mitigated,A bounded software mechanism or test exists; broader robustness/generalization remains open.,backend/app/inference/structural_posterior.py; backend/app/assurance/monitor.py
S14,S,MULTI-DEFECT PROBLEMS,1165,Planner must trade exploitation vs exploration.,partially_mitigated,A bounded software mechanism or test exists; broader robustness/generalization remains open.,backend/app/inference/structural_posterior.py; backend/app/assurance/monitor.py
S15,S,MULTI-DEFECT PROBLEMS,1167,Multi-defect uncertainty needs structured representation.,partially_mitigated,A bounded software mechanism or test exists; broader robustness/generalization remains open.,backend/app/inference/structural_posterior.py; backend/app/assurance/monitor.py
T1,T,DEFECT CHARACTERIZATION PROBLEMS,1173,Location alone is insufficient.,partially_mitigated,A bounded software mechanism or test exists; broader robustness/generalization remains open.,backend/app/inference/structural_posterior.py
T2,T,DEFECT CHARACTERIZATION PROBLEMS,1175,Need defect size.,partially_mitigated,A bounded software mechanism or test exists; broader robustness/generalization remains open.,backend/app/inference/structural_posterior.py
T3,T,DEFECT CHARACTERIZATION PROBLEMS,1177,Need defect shape.,partially_mitigated,A bounded software mechanism or test exists; broader robustness/generalization remains open.,backend/app/inference/structural_posterior.py
T4,T,DEFECT CHARACTERIZATION PROBLEMS,1179,Need defect orientation.,partially_mitigated,A bounded software mechanism or test exists; broader robustness/generalization remains open.,backend/app/inference/structural_posterior.py
T5,T,DEFECT CHARACTERIZATION PROBLEMS,1181,Need defect depth.,partially_mitigated,A bounded software mechanism or test exists; broader robustness/generalization remains open.,backend/app/inference/structural_posterior.py
T6,T,DEFECT CHARACTERIZATION PROBLEMS,1183,Need defect type.,partially_mitigated,A bounded software mechanism or test exists; broader robustness/generalization remains open.,backend/app/inference/structural_posterior.py
T7,T,DEFECT CHARACTERIZATION PROBLEMS,1185,Need severity.,partially_mitigated,A bounded software mechanism or test exists; broader robustness/generalization remains open.,backend/app/inference/structural_posterior.py
T8,T,DEFECT CHARACTERIZATION PROBLEMS,1187,Need potentially crack length.,partially_mitigated,A bounded software mechanism or test exists; broader robustness/generalization remains open.,backend/app/inference/structural_posterior.py
T9,T,DEFECT CHARACTERIZATION PROBLEMS,1189,Need delamination area.,partially_mitigated,A bounded software mechanism or test exists; broader robustness/generalization remains open.,backend/app/inference/structural_posterior.py
T10,T,DEFECT CHARACTERIZATION PROBLEMS,1191,Need void volume or equivalent parameter.,partially_mitigated,A bounded software mechanism or test exists; broader robustness/generalization remains open.,backend/app/inference/structural_posterior.py
T11,T,DEFECT CHARACTERIZATION PROBLEMS,1193,Need confidence interval for each quantity.,partially_mitigated,A bounded software mechanism or test exists; broader robustness/generalization remains open.,backend/app/inference/structural_posterior.py
T12,T,DEFECT CHARACTERIZATION PROBLEMS,1195,Different defect types can have similar wave signatures.,partially_mitigated,A bounded software mechanism or test exists; broader robustness/generalization remains open.,backend/app/inference/structural_posterior.py
T13,T,DEFECT CHARACTERIZATION PROBLEMS,1197,Same defect type can produce different signatures.,partially_mitigated,A bounded software mechanism or test exists; broader robustness/generalization remains open.,backend/app/inference/structural_posterior.py
T14,T,DEFECT CHARACTERIZATION PROBLEMS,1199,Severity labels may be subjective.,partially_mitigated,A bounded software mechanism or test exists; broader robustness/generalization remains open.,backend/app/inference/structural_posterior.py
T15,T,DEFECT CHARACTERIZATION PROBLEMS,1201,Defect dimensions may have ground-truth uncertainty.,partially_mitigated,A bounded software mechanism or test exists; broader robustness/generalization remains open.,backend/app/inference/structural_posterior.py
T16,T,DEFECT CHARACTERIZATION PROBLEMS,1203,Characterization may require additional measurement modalities.,partially_mitigated,A bounded software mechanism or test exists; broader robustness/generalization remains open.,backend/app/inference/structural_posterior.py
U1,U,DOMAIN GENERALIZATION PROBLEMS,1209,New panel geometry.,requires_physical_validation,Cannot be closed honestly without representative hardware/panels and independent ground truth.,docs/ARGUS_X_DISPOSITION.md; docs/LIMITATIONS.md
U2,U,DOMAIN GENERALIZATION PROBLEMS,1211,New material.,requires_physical_validation,Cannot be closed honestly without representative hardware/panels and independent ground truth.,docs/ARGUS_X_DISPOSITION.md; docs/LIMITATIONS.md
U3,U,DOMAIN GENERALIZATION PROBLEMS,1213,New laminate.,requires_physical_validation,Cannot be closed honestly without representative hardware/panels and independent ground truth.,docs/ARGUS_X_DISPOSITION.md; docs/LIMITATIONS.md
U4,U,DOMAIN GENERALIZATION PROBLEMS,1215,New sensor positions.,requires_physical_validation,Cannot be closed honestly without representative hardware/panels and independent ground truth.,docs/ARGUS_X_DISPOSITION.md; docs/LIMITATIONS.md
U5,U,DOMAIN GENERALIZATION PROBLEMS,1217,New sensor count.,requires_physical_validation,Cannot be closed honestly without representative hardware/panels and independent ground truth.,docs/ARGUS_X_DISPOSITION.md; docs/LIMITATIONS.md
U6,U,DOMAIN GENERALIZATION PROBLEMS,1219,New hardware.,requires_physical_validation,Cannot be closed honestly without representative hardware/panels and independent ground truth.,docs/ARGUS_X_DISPOSITION.md; docs/LIMITATIONS.md
U7,U,DOMAIN GENERALIZATION PROBLEMS,1221,New amplifier.,requires_physical_validation,Cannot be closed honestly without representative hardware/panels and independent ground truth.,docs/ARGUS_X_DISPOSITION.md; docs/LIMITATIONS.md
U8,U,DOMAIN GENERALIZATION PROBLEMS,1223,New excitation source.,requires_physical_validation,Cannot be closed honestly without representative hardware/panels and independent ground truth.,docs/ARGUS_X_DISPOSITION.md; docs/LIMITATIONS.md
U9,U,DOMAIN GENERALIZATION PROBLEMS,1225,New sampling frequency.,requires_physical_validation,Cannot be closed honestly without representative hardware/panels and independent ground truth.,docs/ARGUS_X_DISPOSITION.md; docs/LIMITATIONS.md
U10,U,DOMAIN GENERALIZATION PROBLEMS,1227,New environmental conditions.,requires_physical_validation,Cannot be closed honestly without representative hardware/panels and independent ground truth.,docs/ARGUS_X_DISPOSITION.md; docs/LIMITATIONS.md
U11,U,DOMAIN GENERALIZATION PROBLEMS,1229,New structural loading.,requires_physical_validation,Cannot be closed honestly without representative hardware/panels and independent ground truth.,docs/ARGUS_X_DISPOSITION.md; docs/LIMITATIONS.md
U12,U,DOMAIN GENERALIZATION PROBLEMS,1231,New defect type.,requires_physical_validation,Cannot be closed honestly without representative hardware/panels and independent ground truth.,docs/ARGUS_X_DISPOSITION.md; docs/LIMITATIONS.md
U13,U,DOMAIN GENERALIZATION PROBLEMS,1233,New defect size.,requires_physical_validation,Cannot be closed honestly without representative hardware/panels and independent ground truth.,docs/ARGUS_X_DISPOSITION.md; docs/LIMITATIONS.md
U14,U,DOMAIN GENERALIZATION PROBLEMS,1235,New defect orientation.,requires_physical_validation,Cannot be closed honestly without representative hardware/panels and independent ground truth.,docs/ARGUS_X_DISPOSITION.md; docs/LIMITATIONS.md
U15,U,DOMAIN GENERALIZATION PROBLEMS,1237,New surface condition.,requires_physical_validation,Cannot be closed honestly without representative hardware/panels and independent ground truth.,docs/ARGUS_X_DISPOSITION.md; docs/LIMITATIONS.md
U16,U,DOMAIN GENERALIZATION PROBLEMS,1239,New manufacturing process.,requires_physical_validation,Cannot be closed honestly without representative hardware/panels and independent ground truth.,docs/ARGUS_X_DISPOSITION.md; docs/LIMITATIONS.md
U17,U,DOMAIN GENERALIZATION PROBLEMS,1241,New operator.,requires_physical_validation,Cannot be closed honestly without representative hardware/panels and independent ground truth.,docs/ARGUS_X_DISPOSITION.md; docs/LIMITATIONS.md
U18,U,DOMAIN GENERALIZATION PROBLEMS,1243,New mounting procedure.,requires_physical_validation,Cannot be closed honestly without representative hardware/panels and independent ground truth.,docs/ARGUS_X_DISPOSITION.md; docs/LIMITATIONS.md
U19,U,DOMAIN GENERALIZATION PROBLEMS,1245,Cross-domain benchmark is required.,requires_physical_validation,Cannot be closed honestly without representative hardware/panels and independent ground truth.,docs/ARGUS_X_DISPOSITION.md; docs/LIMITATIONS.md
U20,U,DOMAIN GENERALIZATION PROBLEMS,1247,"Domain adaptation should be measured, not assumed. material, temperature and domain discrepancy as major SHM barriers.",requires_physical_validation,Cannot be closed honestly without representative hardware/panels and independent ground truth.,docs/ARGUS_X_DISPOSITION.md; docs/LIMITATIONS.md
V1,V,BASELINE-DEPENDENCE PROBLEMS,1255,Healthy baseline may be required.,acknowledged_and_bounded,Recorded in the risk register and bounded as an explicit limitation or future experiment.,docs/ARGUS_X_DISPOSITION.md; docs/LIMITATIONS.md
V2,V,BASELINE-DEPENDENCE PROBLEMS,1257,Healthy baseline may become stale.,acknowledged_and_bounded,Recorded in the risk register and bounded as an explicit limitation or future experiment.,docs/ARGUS_X_DISPOSITION.md; docs/LIMITATIONS.md
V3,V,BASELINE-DEPENDENCE PROBLEMS,1259,Structural aging changes baseline.,acknowledged_and_bounded,Recorded in the risk register and bounded as an explicit limitation or future experiment.,docs/ARGUS_X_DISPOSITION.md; docs/LIMITATIONS.md
V4,V,BASELINE-DEPENDENCE PROBLEMS,1261,Temperature changes baseline.,acknowledged_and_bounded,Recorded in the risk register and bounded as an explicit limitation or future experiment.,docs/ARGUS_X_DISPOSITION.md; docs/LIMITATIONS.md
V5,V,BASELINE-DEPENDENCE PROBLEMS,1263,Sensor degradation changes baseline.,acknowledged_and_bounded,Recorded in the risk register and bounded as an explicit limitation or future experiment.,docs/ARGUS_X_DISPOSITION.md; docs/LIMITATIONS.md
V6,V,BASELINE-DEPENDENCE PROBLEMS,1265,Installation shifts change baseline.,acknowledged_and_bounded,Recorded in the risk register and bounded as an explicit limitation or future experiment.,docs/ARGUS_X_DISPOSITION.md; docs/LIMITATIONS.md
V7,V,BASELINE-DEPENDENCE PROBLEMS,1267,Removing baseline dependence would improve deployment.,acknowledged_and_bounded,Recorded in the risk register and bounded as an explicit limitation or future experiment.,docs/ARGUS_X_DISPOSITION.md; docs/LIMITATIONS.md
V8,V,BASELINE-DEPENDENCE PROBLEMS,1269,Need baseline-free mode.,acknowledged_and_bounded,Recorded in the risk register and bounded as an explicit limitation or future experiment.,docs/ARGUS_X_DISPOSITION.md; docs/LIMITATIONS.md
V9,V,BASELINE-DEPENDENCE PROBLEMS,1271,Baseline-free mode must not simply become less sensitive.,acknowledged_and_bounded,Recorded in the risk register and bounded as an explicit limitation or future experiment.,docs/ARGUS_X_DISPOSITION.md; docs/LIMITATIONS.md
V10,V,BASELINE-DEPENDENCE PROBLEMS,1273,"Baseline-free performance must be separately benchmarked. detection, so this feature itself is not sufficient novelty.",acknowledged_and_bounded,Recorded in the risk register and bounded as an explicit limitation or future experiment.,docs/ARGUS_X_DISPOSITION.md; docs/LIMITATIONS.md
W1,W,ENVIRONMENTAL ROBUSTNESS PROBLEMS,1281,Temperature.,requires_physical_validation,Cannot be closed honestly without representative hardware/panels and independent ground truth.,docs/ARGUS_X_DISPOSITION.md; docs/LIMITATIONS.md
W2,W,ENVIRONMENTAL ROBUSTNESS PROBLEMS,1283,Humidity.,requires_physical_validation,Cannot be closed honestly without representative hardware/panels and independent ground truth.,docs/ARGUS_X_DISPOSITION.md; docs/LIMITATIONS.md
W3,W,ENVIRONMENTAL ROBUSTNESS PROBLEMS,1285,Rain.,requires_physical_validation,Cannot be closed honestly without representative hardware/panels and independent ground truth.,docs/ARGUS_X_DISPOSITION.md; docs/LIMITATIONS.md
W4,W,ENVIRONMENTAL ROBUSTNESS PROBLEMS,1287,Snow.,requires_physical_validation,Cannot be closed honestly without representative hardware/panels and independent ground truth.,docs/ARGUS_X_DISPOSITION.md; docs/LIMITATIONS.md
W5,W,ENVIRONMENTAL ROBUSTNESS PROBLEMS,1289,Wind.,requires_physical_validation,Cannot be closed honestly without representative hardware/panels and independent ground truth.,docs/ARGUS_X_DISPOSITION.md; docs/LIMITATIONS.md
W6,W,ENVIRONMENTAL ROBUSTNESS PROBLEMS,1291,Ambient vibration.,requires_physical_validation,Cannot be closed honestly without representative hardware/panels and independent ground truth.,docs/ARGUS_X_DISPOSITION.md; docs/LIMITATIONS.md
W7,W,ENVIRONMENTAL ROBUSTNESS PROBLEMS,1293,Operational loading.,requires_physical_validation,Cannot be closed honestly without representative hardware/panels and independent ground truth.,docs/ARGUS_X_DISPOSITION.md; docs/LIMITATIONS.md
W8,W,ENVIRONMENTAL ROBUSTNESS PROBLEMS,1295,Long-term drift.,requires_physical_validation,Cannot be closed honestly without representative hardware/panels and independent ground truth.,docs/ARGUS_X_DISPOSITION.md; docs/LIMITATIONS.md
W9,W,ENVIRONMENTAL ROBUSTNESS PROBLEMS,1297,Day/night effects.,requires_physical_validation,Cannot be closed honestly without representative hardware/panels and independent ground truth.,docs/ARGUS_X_DISPOSITION.md; docs/LIMITATIONS.md
W10,W,ENVIRONMENTAL ROBUSTNESS PROBLEMS,1299,Sensor temperature.,requires_physical_validation,Cannot be closed honestly without representative hardware/panels and independent ground truth.,docs/ARGUS_X_DISPOSITION.md; docs/LIMITATIONS.md
W11,W,ENVIRONMENTAL ROBUSTNESS PROBLEMS,1301,Material temperature.,requires_physical_validation,Cannot be closed honestly without representative hardware/panels and independent ground truth.,docs/ARGUS_X_DISPOSITION.md; docs/LIMITATIONS.md
W12,W,ENVIRONMENTAL ROBUSTNESS PROBLEMS,1303,Thermal gradients.,requires_physical_validation,Cannot be closed honestly without representative hardware/panels and independent ground truth.,docs/ARGUS_X_DISPOSITION.md; docs/LIMITATIONS.md
W13,W,ENVIRONMENTAL ROBUSTNESS PROBLEMS,1305,Moisture ingress.,requires_physical_validation,Cannot be closed honestly without representative hardware/panels and independent ground truth.,docs/ARGUS_X_DISPOSITION.md; docs/LIMITATIONS.md
W14,W,ENVIRONMENTAL ROBUSTNESS PROBLEMS,1307,Environmental changes may resemble damage.,requires_physical_validation,Cannot be closed honestly without representative hardware/panels and independent ground truth.,docs/ARGUS_X_DISPOSITION.md; docs/LIMITATIONS.md
W15,W,ENVIRONMENTAL ROBUSTNESS PROBLEMS,1309,Damage may be masked by environmental variation.,requires_physical_validation,Cannot be closed honestly without representative hardware/panels and independent ground truth.,docs/ARGUS_X_DISPOSITION.md; docs/LIMITATIONS.md
W16,W,ENVIRONMENTAL ROBUSTNESS PROBLEMS,1311,"Need environmental conditioning or compensation. Long-duration public guided-wave SHM data now exists specifically under uncontrolled/dynamic conditions, including temperature, rain, snow and sensor/installation drift, making this a realistic benchmark rather than a theoretical concern.",requires_physical_validation,Cannot be closed honestly without representative hardware/panels and independent ground truth.,docs/ARGUS_X_DISPOSITION.md; docs/LIMITATIONS.md
X1,X,SENSOR FAULT / RELIABILITY PROBLEMS,1321,Dead sensor.,partially_mitigated,A bounded software mechanism or test exists; broader robustness/generalization remains open.,backend/app/assurance/monitor.py; backend/app/research/faults.py
X2,X,SENSOR FAULT / RELIABILITY PROBLEMS,1323,Intermittent sensor.,partially_mitigated,A bounded software mechanism or test exists; broader robustness/generalization remains open.,backend/app/assurance/monitor.py; backend/app/research/faults.py
X3,X,SENSOR FAULT / RELIABILITY PROBLEMS,1325,Drifted sensor.,partially_mitigated,A bounded software mechanism or test exists; broader robustness/generalization remains open.,backend/app/assurance/monitor.py; backend/app/research/faults.py
X4,X,SENSOR FAULT / RELIABILITY PROBLEMS,1327,Noisy sensor.,partially_mitigated,A bounded software mechanism or test exists; broader robustness/generalization remains open.,backend/app/assurance/monitor.py; backend/app/research/faults.py
X5,X,SENSOR FAULT / RELIABILITY PROBLEMS,1329,Misaligned sensor.,partially_mitigated,A bounded software mechanism or test exists; broader robustness/generalization remains open.,backend/app/assurance/monitor.py; backend/app/research/faults.py
X6,X,SENSOR FAULT / RELIABILITY PROBLEMS,1331,Detached sensor.,partially_mitigated,A bounded software mechanism or test exists; broader robustness/generalization remains open.,backend/app/assurance/monitor.py; backend/app/research/faults.py
X7,X,SENSOR FAULT / RELIABILITY PROBLEMS,1333,Saturated sensor.,implemented_and_tested,Executable software control; scope remains research-only.,backend/app/assurance/monitor.py; backend/app/research/faults.py
X8,X,SENSOR FAULT / RELIABILITY PROBLEMS,1335,Missing data.,implemented_and_tested,Executable software control; scope remains research-only.,backend/app/assurance/monitor.py; backend/app/research/faults.py
X9,X,SENSOR FAULT / RELIABILITY PROBLEMS,1337,Corrupted data.,implemented_and_tested,Executable software control; scope remains research-only.,backend/app/assurance/monitor.py; backend/app/research/faults.py
X10,X,SENSOR FAULT / RELIABILITY PROBLEMS,1339,False sensor reading.,partially_mitigated,A bounded software mechanism or test exists; broader robustness/generalization remains open.,backend/app/assurance/monitor.py; backend/app/research/faults.py
X11,X,SENSOR FAULT / RELIABILITY PROBLEMS,1341,Sensor reliability must be estimated.,implemented_and_tested,Executable software control; scope remains research-only.,backend/app/assurance/monitor.py; backend/app/research/faults.py
X12,X,SENSOR FAULT / RELIABILITY PROBLEMS,1343,Sensor reliability should affect posterior weighting.,implemented_and_tested,Executable software control; scope remains research-only.,backend/app/assurance/monitor.py; backend/app/research/faults.py
X13,X,SENSOR FAULT / RELIABILITY PROBLEMS,1345,Sensor reliability should affect experiment planning.,implemented_and_tested,Executable software control; scope remains research-only.,backend/app/assurance/monitor.py; backend/app/research/faults.py
X14,X,SENSOR FAULT / RELIABILITY PROBLEMS,1347,Planner should avoid unreliable channels.,implemented_and_tested,Executable software control; scope remains research-only.,backend/app/assurance/monitor.py; backend/app/research/faults.py
X15,X,SENSOR FAULT / RELIABILITY PROBLEMS,1349,Planner should exploit redundant sensors.,partially_mitigated,A bounded software mechanism or test exists; broader robustness/generalization remains open.,backend/app/assurance/monitor.py; backend/app/research/faults.py
X16,X,SENSOR FAULT / RELIABILITY PROBLEMS,1351,Need automatic sensor-fault detection.,implemented_and_tested,Executable software control; scope remains research-only.,backend/app/assurance/monitor.py; backend/app/research/faults.py
X17,X,SENSOR FAULT / RELIABILITY PROBLEMS,1353,Need fault isolation.,implemented_and_tested,Executable software control; scope remains research-only.,backend/app/assurance/monitor.py; backend/app/research/faults.py
X18,X,SENSOR FAULT / RELIABILITY PROBLEMS,1355,Need graceful degradation.,implemented_and_tested,Executable software control; scope remains research-only.,backend/app/assurance/monitor.py; backend/app/research/faults.py
X19,X,SENSOR FAULT / RELIABILITY PROBLEMS,1357,Need sensor-recovery strategy.,partially_mitigated,A bounded software mechanism or test exists; broader robustness/generalization remains open.,backend/app/assurance/monitor.py; backend/app/research/faults.py
X20,X,SENSOR FAULT / RELIABILITY PROBLEMS,1359,"Need automatic recalibration strategy. Current research is explicitly studying sensing digital twins that distinguish structural damage from sensing degradation and estimate probabilistic sensor reliability, so this is a valuable direction but not a blank research area.",partially_mitigated,A bounded software mechanism or test exists; broader robustness/generalization remains open.,backend/app/assurance/monitor.py; backend/app/research/faults.py
Y1,Y,COMPUTATIONAL PROBLEMS,1368,Candidate experiment explosion.,partially_mitigated,A bounded software mechanism or test exists; broader robustness/generalization remains open.,backend/app/digital_twin/multifidelity.py; backend/app/evaluation/neo_benchmark.py
Y2,Y,COMPUTATIONAL PROBLEMS,1370,Neural inference cost.,partially_mitigated,A bounded software mechanism or test exists; broader robustness/generalization remains open.,backend/app/digital_twin/multifidelity.py; backend/app/evaluation/neo_benchmark.py
Y3,Y,COMPUTATIONAL PROBLEMS,1372,Simulator cost.,partially_mitigated,A bounded software mechanism or test exists; broader robustness/generalization remains open.,backend/app/digital_twin/multifidelity.py; backend/app/evaluation/neo_benchmark.py
Y4,Y,COMPUTATIONAL PROBLEMS,1374,High-fidelity FEM cost.,partially_mitigated,A bounded software mechanism or test exists; broader robustness/generalization remains open.,backend/app/digital_twin/multifidelity.py; backend/app/evaluation/neo_benchmark.py
Y5,Y,COMPUTATIONAL PROBLEMS,1376,Bayesian posterior update cost.,partially_mitigated,A bounded software mechanism or test exists; broader robustness/generalization remains open.,backend/app/digital_twin/multifidelity.py; backend/app/evaluation/neo_benchmark.py
Y6,Y,COMPUTATIONAL PROBLEMS,1378,Hyperparameter optimization cost.,partially_mitigated,A bounded software mechanism or test exists; broader robustness/generalization remains open.,backend/app/digital_twin/multifidelity.py; backend/app/evaluation/neo_benchmark.py
Y7,Y,COMPUTATIONAL PROBLEMS,1380,Large waveform memory requirements.,partially_mitigated,A bounded software mechanism or test exists; broader robustness/generalization remains open.,backend/app/digital_twin/multifidelity.py; backend/app/evaluation/neo_benchmark.py
Y8,Y,COMPUTATIONAL PROBLEMS,1382,Real-time spectrogram generation cost.,partially_mitigated,A bounded software mechanism or test exists; broader robustness/generalization remains open.,backend/app/digital_twin/multifidelity.py; backend/app/evaluation/neo_benchmark.py
Y9,Y,COMPUTATIONAL PROBLEMS,1384,Edge-device resource constraints.,partially_mitigated,A bounded software mechanism or test exists; broader robustness/generalization remains open.,backend/app/digital_twin/multifidelity.py; backend/app/evaluation/neo_benchmark.py
Y10,Y,COMPUTATIONAL PROBLEMS,1386,GPU dependency.,partially_mitigated,A bounded software mechanism or test exists; broader robustness/generalization remains open.,backend/app/digital_twin/multifidelity.py; backend/app/evaluation/neo_benchmark.py
Y11,Y,COMPUTATIONAL PROBLEMS,1388,CPU fallback.,implemented_and_tested,Executable software control; scope remains research-only.,backend/app/digital_twin/multifidelity.py; backend/app/evaluation/neo_benchmark.py
Y12,Y,COMPUTATIONAL PROBLEMS,1390,Cold-start latency.,partially_mitigated,A bounded software mechanism or test exists; broader robustness/generalization remains open.,backend/app/digital_twin/multifidelity.py; backend/app/evaluation/neo_benchmark.py
Y13,Y,COMPUTATIONAL PROBLEMS,1392,Communication latency.,partially_mitigated,A bounded software mechanism or test exists; broader robustness/generalization remains open.,backend/app/digital_twin/multifidelity.py; backend/app/evaluation/neo_benchmark.py
Y14,Y,COMPUTATIONAL PROBLEMS,1394,Hardware acquisition latency.,partially_mitigated,A bounded software mechanism or test exists; broader robustness/generalization remains open.,backend/app/digital_twin/multifidelity.py; backend/app/evaluation/neo_benchmark.py
Y15,Y,COMPUTATIONAL PROBLEMS,1396,End-to-end latency should be measured.,implemented_and_tested,Executable software control; scope remains research-only.,backend/app/digital_twin/multifidelity.py; backend/app/evaluation/neo_benchmark.py
Y16,Y,COMPUTATIONAL PROBLEMS,1398,Throughput should be measured.,implemented_and_tested,Executable software control; scope remains research-only.,backend/app/digital_twin/multifidelity.py; backend/app/evaluation/neo_benchmark.py
Y17,Y,COMPUTATIONAL PROBLEMS,1400,Memory use should be measured.,partially_mitigated,A bounded software mechanism or test exists; broader robustness/generalization remains open.,backend/app/digital_twin/multifidelity.py; backend/app/evaluation/neo_benchmark.py
Y18,Y,COMPUTATIONAL PROBLEMS,1402,Power use should be measured.,partially_mitigated,A bounded software mechanism or test exists; broader robustness/generalization remains open.,backend/app/digital_twin/multifidelity.py; backend/app/evaluation/neo_benchmark.py
Y19,Y,COMPUTATIONAL PROBLEMS,1404,Candidate pruning strategy may be required.,implemented_and_tested,Executable software control; scope remains research-only.,backend/app/digital_twin/multifidelity.py; backend/app/evaluation/neo_benchmark.py
Y20,Y,COMPUTATIONAL PROBLEMS,1406,Surrogate model may be required.,implemented_and_tested,Executable software control; scope remains research-only.,backend/app/digital_twin/multifidelity.py; backend/app/evaluation/neo_benchmark.py
Y21,Y,COMPUTATIONAL PROBLEMS,1408,Reduced-order physics may be required.,partially_mitigated,A bounded software mechanism or test exists; broader robustness/generalization remains open.,backend/app/digital_twin/multifidelity.py; backend/app/evaluation/neo_benchmark.py
Y22,Y,COMPUTATIONAL PROBLEMS,1410,Approximate inference may be required.,partially_mitigated,A bounded software mechanism or test exists; broader robustness/generalization remains open.,backend/app/digital_twin/multifidelity.py; backend/app/evaluation/neo_benchmark.py
Y23,Y,COMPUTATIONAL PROBLEMS,1412,Quantization may be required for edge deployment.,partially_mitigated,A bounded software mechanism or test exists; broader robustness/generalization remains open.,backend/app/digital_twin/multifidelity.py; backend/app/evaluation/neo_benchmark.py
Y24,Y,COMPUTATIONAL PROBLEMS,1414,Model compression may be required.,partially_mitigated,A bounded software mechanism or test exists; broader robustness/generalization remains open.,backend/app/digital_twin/multifidelity.py; backend/app/evaluation/neo_benchmark.py
Z1,Z,SIMULATOR / DIGITAL-TWIN PROBLEMS,1420,Simulator may not match real physics.,partially_mitigated,A bounded software mechanism or test exists; broader robustness/generalization remains open.,backend/app/digital_twin; backend/app/inference/nuisance_posterior.py
Z2,Z,SIMULATOR / DIGITAL-TWIN PROBLEMS,1422,Simulator parameters may be inaccurate.,partially_mitigated,A bounded software mechanism or test exists; broader robustness/generalization remains open.,backend/app/digital_twin; backend/app/inference/nuisance_posterior.py
Z3,Z,SIMULATOR / DIGITAL-TWIN PROBLEMS,1424,Simulator parameters may be fixed rather than learned.,partially_mitigated,A bounded software mechanism or test exists; broader robustness/generalization remains open.,backend/app/digital_twin; backend/app/inference/nuisance_posterior.py
Z4,Z,SIMULATOR / DIGITAL-TWIN PROBLEMS,1426,Simulator may not update from measured data.,partially_mitigated,A bounded software mechanism or test exists; broader robustness/generalization remains open.,backend/app/digital_twin; backend/app/inference/nuisance_posterior.py
Z5,Z,SIMULATOR / DIGITAL-TWIN PROBLEMS,1428,Simulator may not represent structural aging.,partially_mitigated,A bounded software mechanism or test exists; broader robustness/generalization remains open.,backend/app/digital_twin; backend/app/inference/nuisance_posterior.py
Z6,Z,SIMULATOR / DIGITAL-TWIN PROBLEMS,1430,Simulator may not represent environmental state.,partially_mitigated,A bounded software mechanism or test exists; broader robustness/generalization remains open.,backend/app/digital_twin; backend/app/inference/nuisance_posterior.py
Z7,Z,SIMULATOR / DIGITAL-TWIN PROBLEMS,1432,Simulator may not represent sensor state.,partially_mitigated,A bounded software mechanism or test exists; broader robustness/generalization remains open.,backend/app/digital_twin; backend/app/inference/nuisance_posterior.py
Z8,Z,SIMULATOR / DIGITAL-TWIN PROBLEMS,1434,Simulator may not represent manufacturing variability.,partially_mitigated,A bounded software mechanism or test exists; broader robustness/generalization remains open.,backend/app/digital_twin; backend/app/inference/nuisance_posterior.py
Z9,Z,SIMULATOR / DIGITAL-TWIN PROBLEMS,1436,Simulator may not represent defect diversity.,partially_mitigated,A bounded software mechanism or test exists; broader robustness/generalization remains open.,backend/app/digital_twin; backend/app/inference/nuisance_posterior.py
Z10,Z,SIMULATOR / DIGITAL-TWIN PROBLEMS,1438,Simulator may be too slow.,partially_mitigated,A bounded software mechanism or test exists; broader robustness/generalization remains open.,backend/app/digital_twin; backend/app/inference/nuisance_posterior.py
Z11,Z,SIMULATOR / DIGITAL-TWIN PROBLEMS,1440,Neural surrogate may introduce surrogate error.,implemented_and_tested,Executable software control; scope remains research-only.,backend/app/digital_twin; backend/app/inference/nuisance_posterior.py
Z12,Z,SIMULATOR / DIGITAL-TWIN PROBLEMS,1442,Surrogate uncertainty may be ignored.,implemented_and_tested,Executable software control; scope remains research-only.,backend/app/digital_twin; backend/app/inference/nuisance_posterior.py
Z13,Z,SIMULATOR / DIGITAL-TWIN PROBLEMS,1444,Surrogate extrapolation may fail.,partially_mitigated,A bounded software mechanism or test exists; broader robustness/generalization remains open.,backend/app/digital_twin; backend/app/inference/nuisance_posterior.py
Z14,Z,SIMULATOR / DIGITAL-TWIN PROBLEMS,1446,Active planner may exploit surrogate artifacts.,partially_mitigated,A bounded software mechanism or test exists; broader robustness/generalization remains open.,backend/app/digital_twin; backend/app/inference/nuisance_posterior.py
Z15,Z,SIMULATOR / DIGITAL-TWIN PROBLEMS,1448,Physics/surrogate disagreement should be monitored.,implemented_and_tested,Executable software control; scope remains research-only.,backend/app/digital_twin; backend/app/inference/nuisance_posterior.py
Z16,Z,SIMULATOR / DIGITAL-TWIN PROBLEMS,1450,Need simulator validation against measured waveforms.,partially_mitigated,A bounded software mechanism or test exists; broader robustness/generalization remains open.,backend/app/digital_twin; backend/app/inference/nuisance_posterior.py
Z17,Z,SIMULATOR / DIGITAL-TWIN PROBLEMS,1452,Need parameter-identification stage.,partially_mitigated,A bounded software mechanism or test exists; broader robustness/generalization remains open.,backend/app/digital_twin; backend/app/inference/nuisance_posterior.py
Z18,Z,SIMULATOR / DIGITAL-TWIN PROBLEMS,1454,Need uncertainty bounds for simulator parameters.,implemented_and_tested,Executable software control; scope remains research-only.,backend/app/digital_twin; backend/app/inference/nuisance_posterior.py
Z19,Z,SIMULATOR / DIGITAL-TWIN PROBLEMS,1456,Need model discrepancy term.,implemented_and_tested,Executable software control; scope remains research-only.,backend/app/digital_twin; backend/app/inference/nuisance_posterior.py
Z20,Z,SIMULATOR / DIGITAL-TWIN PROBLEMS,1458,Need calibration against real measurements.,implemented_and_tested,Executable software control; scope remains research-only.,backend/app/digital_twin; backend/app/inference/nuisance_posterior.py
Z21,Z,SIMULATOR / DIGITAL-TWIN PROBLEMS,1460,Need digital twin updating.,partially_mitigated,A bounded software mechanism or test exists; broader robustness/generalization remains open.,backend/app/digital_twin; backend/app/inference/nuisance_posterior.py
Z22,Z,SIMULATOR / DIGITAL-TWIN PROBLEMS,1462,Need versioned digital twin parameters.,implemented_and_tested,Executable software control; scope remains research-only.,backend/app/digital_twin; backend/app/inference/nuisance_posterior.py
Z23,Z,SIMULATOR / DIGITAL-TWIN PROBLEMS,1464,"Need twin health monitoring. Current literature is already moving toward digital twins that update for temperature, noise and changing transducer behavior, so your digital twin should be more than a fixed simulator.",partially_mitigated,A bounded software mechanism or test exists; broader robustness/generalization remains open.,backend/app/digital_twin; backend/app/inference/nuisance_posterior.py
AA1,AA,TRAINING PROTOCOL PROBLEMS,1473,Random splits can leak structure-specific information.,implemented_and_tested,Executable software control; scope remains research-only.,docs/REPRODUCIBILITY.md; backend/app/evaluation; research_results
AA2,AA,TRAINING PROTOCOL PROBLEMS,1475,Hyperparameters can leak validation information.,partially_mitigated,A bounded software mechanism or test exists; broader robustness/generalization remains open.,docs/REPRODUCIBILITY.md; backend/app/evaluation; research_results
AA3,AA,TRAINING PROTOCOL PROBLEMS,1477,Synthetic data augmentation may be unrealistic.,partially_mitigated,A bounded software mechanism or test exists; broader robustness/generalization remains open.,docs/REPRODUCIBILITY.md; backend/app/evaluation; research_results
AA4,AA,TRAINING PROTOCOL PROBLEMS,1479,Noise augmentation may be simplistic.,partially_mitigated,A bounded software mechanism or test exists; broader robustness/generalization remains open.,docs/REPRODUCIBILITY.md; backend/app/evaluation; research_results
AA5,AA,TRAINING PROTOCOL PROBLEMS,1481,Frequency augmentation may be unrealistic.,partially_mitigated,A bounded software mechanism or test exists; broader robustness/generalization remains open.,docs/REPRODUCIBILITY.md; backend/app/evaluation; research_results
AA6,AA,TRAINING PROTOCOL PROBLEMS,1483,Sensor dropout augmentation may be unrealistic.,partially_mitigated,A bounded software mechanism or test exists; broader robustness/generalization remains open.,docs/REPRODUCIBILITY.md; backend/app/evaluation; research_results
AA7,AA,TRAINING PROTOCOL PROBLEMS,1485,Domain-adaptation training can be unstable.,partially_mitigated,A bounded software mechanism or test exists; broader robustness/generalization remains open.,docs/REPRODUCIBILITY.md; backend/app/evaluation; research_results
AA8,AA,TRAINING PROTOCOL PROBLEMS,1487,Physics-loss training can be unstable.,partially_mitigated,A bounded software mechanism or test exists; broader robustness/generalization remains open.,docs/REPRODUCIBILITY.md; backend/app/evaluation; research_results
AA9,AA,TRAINING PROTOCOL PROBLEMS,1489,Multi-task training may create competing gradients.,partially_mitigated,A bounded software mechanism or test exists; broader robustness/generalization remains open.,docs/REPRODUCIBILITY.md; backend/app/evaluation; research_results
AA10,AA,TRAINING PROTOCOL PROBLEMS,1491,Model selection may be biased toward one benchmark.,partially_mitigated,A bounded software mechanism or test exists; broader robustness/generalization remains open.,docs/REPRODUCIBILITY.md; backend/app/evaluation; research_results
AA11,AA,TRAINING PROTOCOL PROBLEMS,1493,Need repeated runs with multiple random seeds.,implemented_and_tested,Executable software control; scope remains research-only.,docs/REPRODUCIBILITY.md; backend/app/evaluation; research_results
AA12,AA,TRAINING PROTOCOL PROBLEMS,1495,Need confidence intervals.,implemented_and_tested,Executable software control; scope remains research-only.,docs/REPRODUCIBILITY.md; backend/app/evaluation; research_results
AA13,AA,TRAINING PROTOCOL PROBLEMS,1497,Need ablation studies.,implemented_and_tested,Executable software control; scope remains research-only.,docs/REPRODUCIBILITY.md; backend/app/evaluation; research_results
AA14,AA,TRAINING PROTOCOL PROBLEMS,1499,Need statistical tests.,partially_mitigated,A bounded software mechanism or test exists; broader robustness/generalization remains open.,docs/REPRODUCIBILITY.md; backend/app/evaluation; research_results
AA15,AA,TRAINING PROTOCOL PROBLEMS,1501,Need reproducible training configurations.,implemented_and_tested,Executable software control; scope remains research-only.,docs/REPRODUCIBILITY.md; backend/app/evaluation; research_results
AA16,AA,TRAINING PROTOCOL PROBLEMS,1503,Need fixed benchmark protocol.,implemented_and_tested,Executable software control; scope remains research-only.,docs/REPRODUCIBILITY.md; backend/app/evaluation; research_results
AA17,AA,TRAINING PROTOCOL PROBLEMS,1505,Need checkpoint/version tracking.,implemented_and_tested,Executable software control; scope remains research-only.,docs/REPRODUCIBILITY.md; backend/app/evaluation; research_results
AA18,AA,TRAINING PROTOCOL PROBLEMS,1507,Need experiment tracking.,implemented_and_tested,Executable software control; scope remains research-only.,docs/REPRODUCIBILITY.md; backend/app/evaluation; research_results
AA19,AA,TRAINING PROTOCOL PROBLEMS,1509,Need data versioning.,implemented_and_tested,Executable software control; scope remains research-only.,docs/REPRODUCIBILITY.md; backend/app/evaluation; research_results
AA20,AA,TRAINING PROTOCOL PROBLEMS,1511,Need leakage testing.,implemented_and_tested,Executable software control; scope remains research-only.,docs/REPRODUCIBILITY.md; backend/app/evaluation; research_results
AB1,AB,SELF-SUPERVISED LEARNING PROBLEMS,1517,Need large unlabeled signal corpus.,acknowledged_and_bounded,Recorded in the risk register and bounded as an explicit limitation or future experiment.,docs/ARGUS_X_DISPOSITION.md; docs/LIMITATIONS.md
AB2,AB,SELF-SUPERVISED LEARNING PROBLEMS,1519,Pretext task must preserve damage-relevant information.,acknowledged_and_bounded,Recorded in the risk register and bounded as an explicit limitation or future experiment.,docs/ARGUS_X_DISPOSITION.md; docs/LIMITATIONS.md
AB3,AB,SELF-SUPERVISED LEARNING PROBLEMS,1521,Reconstruction may learn irrelevant signal details.,acknowledged_and_bounded,Recorded in the risk register and bounded as an explicit limitation or future experiment.,docs/ARGUS_X_DISPOSITION.md; docs/LIMITATIONS.md
AB4,AB,SELF-SUPERVISED LEARNING PROBLEMS,1523,Contrastive learning augmentations may remove damage information.,acknowledged_and_bounded,Recorded in the risk register and bounded as an explicit limitation or future experiment.,docs/ARGUS_X_DISPOSITION.md; docs/LIMITATIONS.md
AB5,AB,SELF-SUPERVISED LEARNING PROBLEMS,1525,Representation may be insensitive to subtle defects.,acknowledged_and_bounded,Recorded in the risk register and bounded as an explicit limitation or future experiment.,docs/ARGUS_X_DISPOSITION.md; docs/LIMITATIONS.md
AB6,AB,SELF-SUPERVISED LEARNING PROBLEMS,1527,Self-supervised objective may bias toward healthy signals.,acknowledged_and_bounded,Recorded in the risk register and bounded as an explicit limitation or future experiment.,docs/ARGUS_X_DISPOSITION.md; docs/LIMITATIONS.md
AB7,AB,SELF-SUPERVISED LEARNING PROBLEMS,1529,Downstream fine-tuning may remain data-limited.,acknowledged_and_bounded,Recorded in the risk register and bounded as an explicit limitation or future experiment.,docs/ARGUS_X_DISPOSITION.md; docs/LIMITATIONS.md
AB8,AB,SELF-SUPERVISED LEARNING PROBLEMS,1531,Cross-domain self-supervision may still fail.,acknowledged_and_bounded,Recorded in the risk register and bounded as an explicit limitation or future experiment.,docs/ARGUS_X_DISPOSITION.md; docs/LIMITATIONS.md
AB9,AB,SELF-SUPERVISED LEARNING PROBLEMS,1533,Need comparison against supervised training.,acknowledged_and_bounded,Recorded in the risk register and bounded as an explicit limitation or future experiment.,docs/ARGUS_X_DISPOSITION.md; docs/LIMITATIONS.md
AB10,AB,SELF-SUPERVISED LEARNING PROBLEMS,1535,Need ablation of pretraining strategy.,acknowledged_and_bounded,Recorded in the risk register and bounded as an explicit limitation or future experiment.,docs/ARGUS_X_DISPOSITION.md; docs/LIMITATIONS.md
AC1,AC,DOMAIN ADAPTATION PROBLEMS,1541,Source and target distributions differ.,acknowledged_and_bounded,Recorded in the risk register and bounded as an explicit limitation or future experiment.,docs/ARGUS_X_DISPOSITION.md; docs/LIMITATIONS.md
AC2,AC,DOMAIN ADAPTATION PROBLEMS,1543,Feature alignment may align damage and non-damage features incorrectly.,acknowledged_and_bounded,Recorded in the risk register and bounded as an explicit limitation or future experiment.,docs/ARGUS_X_DISPOSITION.md; docs/LIMITATIONS.md
AC3,AC,DOMAIN ADAPTATION PROBLEMS,1545,Adversarial adaptation may destabilize training.,acknowledged_and_bounded,Recorded in the risk register and bounded as an explicit limitation or future experiment.,docs/ARGUS_X_DISPOSITION.md; docs/LIMITATIONS.md
AC4,AC,DOMAIN ADAPTATION PROBLEMS,1547,Negative transfer can occur.,acknowledged_and_bounded,Recorded in the risk register and bounded as an explicit limitation or future experiment.,docs/ARGUS_X_DISPOSITION.md; docs/LIMITATIONS.md
AC5,AC,DOMAIN ADAPTATION PROBLEMS,1549,Target domain may have no labels.,acknowledged_and_bounded,Recorded in the risk register and bounded as an explicit limitation or future experiment.,docs/ARGUS_X_DISPOSITION.md; docs/LIMITATIONS.md
AC6,AC,DOMAIN ADAPTATION PROBLEMS,1551,Target domain may have few labels.,acknowledged_and_bounded,Recorded in the risk register and bounded as an explicit limitation or future experiment.,docs/ARGUS_X_DISPOSITION.md; docs/LIMITATIONS.md
AC7,AC,DOMAIN ADAPTATION PROBLEMS,1553,Target domain may contain unknown classes.,acknowledged_and_bounded,Recorded in the risk register and bounded as an explicit limitation or future experiment.,docs/ARGUS_X_DISPOSITION.md; docs/LIMITATIONS.md
AC8,AC,DOMAIN ADAPTATION PROBLEMS,1555,Target domain may evolve over time.,acknowledged_and_bounded,Recorded in the risk register and bounded as an explicit limitation or future experiment.,docs/ARGUS_X_DISPOSITION.md; docs/LIMITATIONS.md
AC9,AC,DOMAIN ADAPTATION PROBLEMS,1557,Adaptation can cause catastrophic forgetting.,acknowledged_and_bounded,Recorded in the risk register and bounded as an explicit limitation or future experiment.,docs/ARGUS_X_DISPOSITION.md; docs/LIMITATIONS.md
AC10,AC,DOMAIN ADAPTATION PROBLEMS,1559,Need target-domain validation without leakage.,acknowledged_and_bounded,Recorded in the risk register and bounded as an explicit limitation or future experiment.,docs/ARGUS_X_DISPOSITION.md; docs/LIMITATIONS.md
AC11,AC,DOMAIN ADAPTATION PROBLEMS,1561,Need cross-panel test.,acknowledged_and_bounded,Recorded in the risk register and bounded as an explicit limitation or future experiment.,docs/ARGUS_X_DISPOSITION.md; docs/LIMITATIONS.md
AC12,AC,DOMAIN ADAPTATION PROBLEMS,1563,Need cross-material test.,acknowledged_and_bounded,Recorded in the risk register and bounded as an explicit limitation or future experiment.,docs/ARGUS_X_DISPOSITION.md; docs/LIMITATIONS.md
AC13,AC,DOMAIN ADAPTATION PROBLEMS,1565,Need cross-temperature test.,acknowledged_and_bounded,Recorded in the risk register and bounded as an explicit limitation or future experiment.,docs/ARGUS_X_DISPOSITION.md; docs/LIMITATIONS.md
AC14,AC,DOMAIN ADAPTATION PROBLEMS,1567,Need cross-hardware test.,acknowledged_and_bounded,Recorded in the risk register and bounded as an explicit limitation or future experiment.,docs/ARGUS_X_DISPOSITION.md; docs/LIMITATIONS.md
AC15,AC,DOMAIN ADAPTATION PROBLEMS,1569,Need adaptation cost measurement.,acknowledged_and_bounded,Recorded in the risk register and bounded as an explicit limitation or future experiment.,docs/ARGUS_X_DISPOSITION.md; docs/LIMITATIONS.md
AC16,AC,DOMAIN ADAPTATION PROBLEMS,1571,Need adaptation time measurement.,acknowledged_and_bounded,Recorded in the risk register and bounded as an explicit limitation or future experiment.,docs/ARGUS_X_DISPOSITION.md; docs/LIMITATIONS.md
AD1,AD,ACTIVE-LEARNING / EXPLORATION PROBLEMS,1577,Need to distinguish exploration from exploitation.,acknowledged_and_bounded,Recorded in the risk register and bounded as an explicit limitation or future experiment.,docs/ARGUS_X_DISPOSITION.md; docs/LIMITATIONS.md
AD2,AD,ACTIVE-LEARNING / EXPLORATION PROBLEMS,1579,Pure exploitation can miss unknown defects.,acknowledged_and_bounded,Recorded in the risk register and bounded as an explicit limitation or future experiment.,docs/ARGUS_X_DISPOSITION.md; docs/LIMITATIONS.md
AD3,AD,ACTIVE-LEARNING / EXPLORATION PROBLEMS,1581,Pure exploration wastes measurements.,acknowledged_and_bounded,Recorded in the risk register and bounded as an explicit limitation or future experiment.,docs/ARGUS_X_DISPOSITION.md; docs/LIMITATIONS.md
AD4,AD,ACTIVE-LEARNING / EXPLORATION PROBLEMS,1583,Rare defects may require exploration.,acknowledged_and_bounded,Recorded in the risk register and bounded as an explicit limitation or future experiment.,docs/ARGUS_X_DISPOSITION.md; docs/LIMITATIONS.md
AD5,AD,ACTIVE-LEARNING / EXPLORATION PROBLEMS,1585,Critical regions may require higher priority.,acknowledged_and_bounded,Recorded in the risk register and bounded as an explicit limitation or future experiment.,docs/ARGUS_X_DISPOSITION.md; docs/LIMITATIONS.md
AD6,AD,ACTIVE-LEARNING / EXPLORATION PROBLEMS,1587,Planner may become trapped in local belief maxima.,acknowledged_and_bounded,Recorded in the risk register and bounded as an explicit limitation or future experiment.,docs/ARGUS_X_DISPOSITION.md; docs/LIMITATIONS.md
AD7,AD,ACTIVE-LEARNING / EXPLORATION PROBLEMS,1589,Posterior collapse can prevent discovering alternative hypotheses.,acknowledged_and_bounded,Recorded in the risk register and bounded as an explicit limitation or future experiment.,docs/ARGUS_X_DISPOSITION.md; docs/LIMITATIONS.md
AD8,AD,ACTIVE-LEARNING / EXPLORATION PROBLEMS,1591,Need diversity in experiments.,acknowledged_and_bounded,Recorded in the risk register and bounded as an explicit limitation or future experiment.,docs/ARGUS_X_DISPOSITION.md; docs/LIMITATIONS.md
AD9,AD,ACTIVE-LEARNING / EXPLORATION PROBLEMS,1593,Need uncertainty-aware exploration.,acknowledged_and_bounded,Recorded in the risk register and bounded as an explicit limitation or future experiment.,docs/ARGUS_X_DISPOSITION.md; docs/LIMITATIONS.md
AD10,AD,ACTIVE-LEARNING / EXPLORATION PROBLEMS,1595,Need worst-case exploration.,acknowledged_and_bounded,Recorded in the risk register and bounded as an explicit limitation or future experiment.,docs/ARGUS_X_DISPOSITION.md; docs/LIMITATIONS.md
AD11,AD,ACTIVE-LEARNING / EXPLORATION PROBLEMS,1597,Need budget-aware exploration.,acknowledged_and_bounded,Recorded in the risk register and bounded as an explicit limitation or future experiment.,docs/ARGUS_X_DISPOSITION.md; docs/LIMITATIONS.md
AD12,AD,ACTIVE-LEARNING / EXPLORATION PROBLEMS,1599,Need active labeling if human feedback becomes available.,acknowledged_and_bounded,Recorded in the risk register and bounded as an explicit limitation or future experiment.,docs/ARGUS_X_DISPOSITION.md; docs/LIMITATIONS.md
AE1,AE,REINFORCEMENT LEARNING PROBLEMS,1605,State representation.,acknowledged_and_bounded,Recorded in the risk register and bounded as an explicit limitation or future experiment.,docs/ARGUS_X_DISPOSITION.md; docs/LIMITATIONS.md
AE2,AE,REINFORCEMENT LEARNING PROBLEMS,1607,Action representation.,acknowledged_and_bounded,Recorded in the risk register and bounded as an explicit limitation or future experiment.,docs/ARGUS_X_DISPOSITION.md; docs/LIMITATIONS.md
AE3,AE,REINFORCEMENT LEARNING PROBLEMS,1609,Reward design.,acknowledged_and_bounded,Recorded in the risk register and bounded as an explicit limitation or future experiment.,docs/ARGUS_X_DISPOSITION.md; docs/LIMITATIONS.md
AE4,AE,REINFORCEMENT LEARNING PROBLEMS,1611,Sparse rewards.,acknowledged_and_bounded,Recorded in the risk register and bounded as an explicit limitation or future experiment.,docs/ARGUS_X_DISPOSITION.md; docs/LIMITATIONS.md
AE5,AE,REINFORCEMENT LEARNING PROBLEMS,1613,Reward hacking.,acknowledged_and_bounded,Recorded in the risk register and bounded as an explicit limitation or future experiment.,docs/ARGUS_X_DISPOSITION.md; docs/LIMITATIONS.md
AE6,AE,REINFORCEMENT LEARNING PROBLEMS,1615,Simulator exploitation.,acknowledged_and_bounded,Recorded in the risk register and bounded as an explicit limitation or future experiment.,docs/ARGUS_X_DISPOSITION.md; docs/LIMITATIONS.md
AE7,AE,REINFORCEMENT LEARNING PROBLEMS,1617,Sample inefficiency.,acknowledged_and_bounded,Recorded in the risk register and bounded as an explicit limitation or future experiment.,docs/ARGUS_X_DISPOSITION.md; docs/LIMITATIONS.md
AE8,AE,REINFORCEMENT LEARNING PROBLEMS,1619,Training instability.,acknowledged_and_bounded,Recorded in the risk register and bounded as an explicit limitation or future experiment.,docs/ARGUS_X_DISPOSITION.md; docs/LIMITATIONS.md
AE9,AE,REINFORCEMENT LEARNING PROBLEMS,1621,Distribution shift.,acknowledged_and_bounded,Recorded in the risk register and bounded as an explicit limitation or future experiment.,docs/ARGUS_X_DISPOSITION.md; docs/LIMITATIONS.md
AE10,AE,REINFORCEMENT LEARNING PROBLEMS,1623,Unsafe policies.,acknowledged_and_bounded,Recorded in the risk register and bounded as an explicit limitation or future experiment.,docs/ARGUS_X_DISPOSITION.md; docs/LIMITATIONS.md
AE11,AE,REINFORCEMENT LEARNING PROBLEMS,1625,Sim-to-real transfer.,acknowledged_and_bounded,Recorded in the risk register and bounded as an explicit limitation or future experiment.,docs/ARGUS_X_DISPOSITION.md; docs/LIMITATIONS.md
AE12,AE,REINFORCEMENT LEARNING PROBLEMS,1627,Need policy constraints.,acknowledged_and_bounded,Recorded in the risk register and bounded as an explicit limitation or future experiment.,docs/ARGUS_X_DISPOSITION.md; docs/LIMITATIONS.md
AE13,AE,REINFORCEMENT LEARNING PROBLEMS,1629,Need fallback planner.,acknowledged_and_bounded,Recorded in the risk register and bounded as an explicit limitation or future experiment.,docs/ARGUS_X_DISPOSITION.md; docs/LIMITATIONS.md
AE14,AE,REINFORCEMENT LEARNING PROBLEMS,1631,RL may not outperform a strong greedy Bayesian planner.,acknowledged_and_bounded,Recorded in the risk register and bounded as an explicit limitation or future experiment.,docs/ARGUS_X_DISPOSITION.md; docs/LIMITATIONS.md
AE15,AE,REINFORCEMENT LEARNING PROBLEMS,1633,RL adds complexity without guaranteed scientific value.,acknowledged_and_bounded,Recorded in the risk register and bounded as an explicit limitation or future experiment.,docs/ARGUS_X_DISPOSITION.md; docs/LIMITATIONS.md
AF1,AF,ROBUSTNESS PROBLEMS,1639,Increased Gaussian noise.,implemented_and_tested,Executable software control; scope remains research-only.,docs/ARGUS_X_DISPOSITION.md; docs/LIMITATIONS.md
AF2,AF,ROBUSTNESS PROBLEMS,1641,Colored noise.,partially_mitigated,A bounded software mechanism or test exists; broader robustness/generalization remains open.,docs/ARGUS_X_DISPOSITION.md; docs/LIMITATIONS.md
AF3,AF,ROBUSTNESS PROBLEMS,1643,Nonstationary noise.,partially_mitigated,A bounded software mechanism or test exists; broader robustness/generalization remains open.,docs/ARGUS_X_DISPOSITION.md; docs/LIMITATIONS.md
AF4,AF,ROBUSTNESS PROBLEMS,1645,Impulsive noise.,partially_mitigated,A bounded software mechanism or test exists; broader robustness/generalization remains open.,docs/ARGUS_X_DISPOSITION.md; docs/LIMITATIONS.md
AF5,AF,ROBUSTNESS PROBLEMS,1647,Sensor dropout.,implemented_and_tested,Executable software control; scope remains research-only.,docs/ARGUS_X_DISPOSITION.md; docs/LIMITATIONS.md
AF6,AF,ROBUSTNESS PROBLEMS,1649,Sensor permutation.,partially_mitigated,A bounded software mechanism or test exists; broader robustness/generalization remains open.,docs/ARGUS_X_DISPOSITION.md; docs/LIMITATIONS.md
AF7,AF,ROBUSTNESS PROBLEMS,1651,Sensor misplacement.,implemented_and_tested,Executable software control; scope remains research-only.,docs/ARGUS_X_DISPOSITION.md; docs/LIMITATIONS.md
AF8,AF,ROBUSTNESS PROBLEMS,1653,Timing offset.,implemented_and_tested,Executable software control; scope remains research-only.,docs/ARGUS_X_DISPOSITION.md; docs/LIMITATIONS.md
AF9,AF,ROBUSTNESS PROBLEMS,1655,Amplitude scaling.,implemented_and_tested,Executable software control; scope remains research-only.,docs/ARGUS_X_DISPOSITION.md; docs/LIMITATIONS.md
AF10,AF,ROBUSTNESS PROBLEMS,1657,Frequency shift.,implemented_and_tested,Executable software control; scope remains research-only.,docs/ARGUS_X_DISPOSITION.md; docs/LIMITATIONS.md
AF11,AF,ROBUSTNESS PROBLEMS,1659,Unknown temperature.,partially_mitigated,A bounded software mechanism or test exists; broader robustness/generalization remains open.,docs/ARGUS_X_DISPOSITION.md; docs/LIMITATIONS.md
AF12,AF,ROBUSTNESS PROBLEMS,1661,Unknown material property.,partially_mitigated,A bounded software mechanism or test exists; broader robustness/generalization remains open.,docs/ARGUS_X_DISPOSITION.md; docs/LIMITATIONS.md
AF13,AF,ROBUSTNESS PROBLEMS,1663,Unknown defect type.,partially_mitigated,A bounded software mechanism or test exists; broader robustness/generalization remains open.,docs/ARGUS_X_DISPOSITION.md; docs/LIMITATIONS.md
AF14,AF,ROBUSTNESS PROBLEMS,1665,Missing metadata.,partially_mitigated,A bounded software mechanism or test exists; broader robustness/generalization remains open.,docs/ARGUS_X_DISPOSITION.md; docs/LIMITATIONS.md
AF15,AF,ROBUSTNESS PROBLEMS,1667,Wrong metadata.,partially_mitigated,A bounded software mechanism or test exists; broader robustness/generalization remains open.,docs/ARGUS_X_DISPOSITION.md; docs/LIMITATIONS.md
AF16,AF,ROBUSTNESS PROBLEMS,1669,Structural geometry change.,partially_mitigated,A bounded software mechanism or test exists; broader robustness/generalization remains open.,docs/ARGUS_X_DISPOSITION.md; docs/LIMITATIONS.md
AF17,AF,ROBUSTNESS PROBLEMS,1671,Boundary condition change.,partially_mitigated,A bounded software mechanism or test exists; broader robustness/generalization remains open.,docs/ARGUS_X_DISPOSITION.md; docs/LIMITATIONS.md
AF18,AF,ROBUSTNESS PROBLEMS,1673,Hardware change.,partially_mitigated,A bounded software mechanism or test exists; broader robustness/generalization remains open.,docs/ARGUS_X_DISPOSITION.md; docs/LIMITATIONS.md
AF19,AF,ROBUSTNESS PROBLEMS,1675,Environmental change.,partially_mitigated,A bounded software mechanism or test exists; broader robustness/generalization remains open.,docs/ARGUS_X_DISPOSITION.md; docs/LIMITATIONS.md
AF20,AF,ROBUSTNESS PROBLEMS,1677,Distribution shift.,implemented_and_tested,Executable software control; scope remains research-only.,docs/ARGUS_X_DISPOSITION.md; docs/LIMITATIONS.md
AG1,AG,ADVERSARIAL / SECURITY / INTEGRITY PROBLEMS,1683,Deliberately corrupted sensor readings.,partially_mitigated,A bounded software mechanism or test exists; broader robustness/generalization remains open.,backend/app/evidence/ledger.py; backend/app/services/session_manager.py
AG2,AG,ADVERSARIAL / SECURITY / INTEGRITY PROBLEMS,1685,Malicious data injection.,partially_mitigated,A bounded software mechanism or test exists; broader robustness/generalization remains open.,backend/app/evidence/ledger.py; backend/app/services/session_manager.py
AG3,AG,ADVERSARIAL / SECURITY / INTEGRITY PROBLEMS,1687,Timestamp tampering.,partially_mitigated,A bounded software mechanism or test exists; broader robustness/generalization remains open.,backend/app/evidence/ledger.py; backend/app/services/session_manager.py
AG4,AG,ADVERSARIAL / SECURITY / INTEGRITY PROBLEMS,1689,Sensor spoofing.,partially_mitigated,A bounded software mechanism or test exists; broader robustness/generalization remains open.,backend/app/evidence/ledger.py; backend/app/services/session_manager.py
AG5,AG,ADVERSARIAL / SECURITY / INTEGRITY PROBLEMS,1691,Communication tampering.,partially_mitigated,A bounded software mechanism or test exists; broader robustness/generalization remains open.,backend/app/evidence/ledger.py; backend/app/services/session_manager.py
AG6,AG,ADVERSARIAL / SECURITY / INTEGRITY PROBLEMS,1693,Model input manipulation.,partially_mitigated,A bounded software mechanism or test exists; broader robustness/generalization remains open.,backend/app/evidence/ledger.py; backend/app/services/session_manager.py
AG7,AG,ADVERSARIAL / SECURITY / INTEGRITY PROBLEMS,1695,False telemetry.,partially_mitigated,A bounded software mechanism or test exists; broader robustness/generalization remains open.,backend/app/evidence/ledger.py; backend/app/services/session_manager.py
AG8,AG,ADVERSARIAL / SECURITY / INTEGRITY PROBLEMS,1697,Compromised edge device.,partially_mitigated,A bounded software mechanism or test exists; broader robustness/generalization remains open.,backend/app/evidence/ledger.py; backend/app/services/session_manager.py
AG9,AG,ADVERSARIAL / SECURITY / INTEGRITY PROBLEMS,1699,Need authenticated communication if deployed remotely.,partially_mitigated,A bounded software mechanism or test exists; broader robustness/generalization remains open.,backend/app/evidence/ledger.py; backend/app/services/session_manager.py
AG10,AG,ADVERSARIAL / SECURITY / INTEGRITY PROBLEMS,1701,Need data-integrity checks.,implemented_and_tested,Executable software control; scope remains research-only.,backend/app/evidence/ledger.py; backend/app/services/session_manager.py
AG11,AG,ADVERSARIAL / SECURITY / INTEGRITY PROBLEMS,1703,Need anomaly detection on telemetry.,partially_mitigated,A bounded software mechanism or test exists; broader robustness/generalization remains open.,backend/app/evidence/ledger.py; backend/app/services/session_manager.py
AH1,AH,INTERPRETABILITY PROBLEMS,1709,Neural model may be a black box.,partially_mitigated,A bounded software mechanism or test exists; broader robustness/generalization remains open.,backend/app/active_learning/neo_planner.py; frontend/components/EvidenceLedger.tsx
AH2,AH,INTERPRETABILITY PROBLEMS,1711,Prediction explanation may not reflect actual model reasoning.,partially_mitigated,A bounded software mechanism or test exists; broader robustness/generalization remains open.,backend/app/active_learning/neo_planner.py; frontend/components/EvidenceLedger.tsx
AH3,AH,INTERPRETABILITY PROBLEMS,1713,Saliency may be unreliable.,partially_mitigated,A bounded software mechanism or test exists; broader robustness/generalization remains open.,backend/app/active_learning/neo_planner.py; frontend/components/EvidenceLedger.tsx
AH4,AH,INTERPRETABILITY PROBLEMS,1715,Attention maps are not automatically explanations.,partially_mitigated,A bounded software mechanism or test exists; broader robustness/generalization remains open.,backend/app/active_learning/neo_planner.py; frontend/components/EvidenceLedger.tsx
AH5,AH,INTERPRETABILITY PROBLEMS,1717,Need physics-grounded explanation.,implemented_and_tested,Executable software control; scope remains research-only.,backend/app/active_learning/neo_planner.py; frontend/components/EvidenceLedger.tsx
AH6,AH,INTERPRETABILITY PROBLEMS,1719,Need evidence for each defect hypothesis.,implemented_and_tested,Executable software control; scope remains research-only.,backend/app/active_learning/neo_planner.py; frontend/components/EvidenceLedger.tsx
AH7,AH,INTERPRETABILITY PROBLEMS,1721,Need evidence for next-experiment choice.,implemented_and_tested,Executable software control; scope remains research-only.,backend/app/active_learning/neo_planner.py; frontend/components/EvidenceLedger.tsx
AH8,AH,INTERPRETABILITY PROBLEMS,1723,Need uncertainty explanation.,implemented_and_tested,Executable software control; scope remains research-only.,backend/app/active_learning/neo_planner.py; frontend/components/EvidenceLedger.tsx
AH9,AH,INTERPRETABILITY PROBLEMS,1725,Need reason for abstention.,implemented_and_tested,Executable software control; scope remains research-only.,backend/app/active_learning/neo_planner.py; frontend/components/EvidenceLedger.tsx
AH10,AH,INTERPRETABILITY PROBLEMS,1727,Need reason for sensor rejection.,implemented_and_tested,Executable software control; scope remains research-only.,backend/app/active_learning/neo_planner.py; frontend/components/EvidenceLedger.tsx
AH11,AH,INTERPRETABILITY PROBLEMS,1729,Need traceability to raw measurements.,implemented_and_tested,Executable software control; scope remains research-only.,backend/app/active_learning/neo_planner.py; frontend/components/EvidenceLedger.tsx
AH12,AH,INTERPRETABILITY PROBLEMS,1731,Need inspection-history traceability.,implemented_and_tested,Executable software control; scope remains research-only.,backend/app/active_learning/neo_planner.py; frontend/components/EvidenceLedger.tsx
AI1,AI,EXPERIMENT-TRACEABILITY PROBLEMS,1737,Every measurement should have a unique ID.,implemented_and_tested,Executable software control; scope remains research-only.,backend/app/evidence/ledger.py; backend/app/database/repository.py
AI2,AI,EXPERIMENT-TRACEABILITY PROBLEMS,1739,Every measurement should store timestamp.,implemented_and_tested,Executable software control; scope remains research-only.,backend/app/evidence/ledger.py; backend/app/database/repository.py
AI3,AI,EXPERIMENT-TRACEABILITY PROBLEMS,1741,Store source position.,implemented_and_tested,Executable software control; scope remains research-only.,backend/app/evidence/ledger.py; backend/app/database/repository.py
AI4,AI,EXPERIMENT-TRACEABILITY PROBLEMS,1743,Store receiver position.,implemented_and_tested,Executable software control; scope remains research-only.,backend/app/evidence/ledger.py; backend/app/database/repository.py
AI5,AI,EXPERIMENT-TRACEABILITY PROBLEMS,1745,Store frequency.,implemented_and_tested,Executable software control; scope remains research-only.,backend/app/evidence/ledger.py; backend/app/database/repository.py
AI6,AI,EXPERIMENT-TRACEABILITY PROBLEMS,1747,Store waveform.,implemented_and_tested,Executable software control; scope remains research-only.,backend/app/evidence/ledger.py; backend/app/database/repository.py
AI7,AI,EXPERIMENT-TRACEABILITY PROBLEMS,1749,Store amplitude.,implemented_and_tested,Executable software control; scope remains research-only.,backend/app/evidence/ledger.py; backend/app/database/repository.py
AI8,AI,EXPERIMENT-TRACEABILITY PROBLEMS,1751,Store duration.,implemented_and_tested,Executable software control; scope remains research-only.,backend/app/evidence/ledger.py; backend/app/database/repository.py
AI9,AI,EXPERIMENT-TRACEABILITY PROBLEMS,1753,Store sensor IDs.,implemented_and_tested,Executable software control; scope remains research-only.,backend/app/evidence/ledger.py; backend/app/database/repository.py
AI10,AI,EXPERIMENT-TRACEABILITY PROBLEMS,1755,Store environmental conditions.,implemented_and_tested,Executable software control; scope remains research-only.,backend/app/evidence/ledger.py; backend/app/database/repository.py
AI11,AI,EXPERIMENT-TRACEABILITY PROBLEMS,1757,Store model version.,implemented_and_tested,Executable software control; scope remains research-only.,backend/app/evidence/ledger.py; backend/app/database/repository.py
AI12,AI,EXPERIMENT-TRACEABILITY PROBLEMS,1759,Store digital-twin version.,implemented_and_tested,Executable software control; scope remains research-only.,backend/app/evidence/ledger.py; backend/app/database/repository.py
AI13,AI,EXPERIMENT-TRACEABILITY PROBLEMS,1761,Store planner score.,implemented_and_tested,Executable software control; scope remains research-only.,backend/app/evidence/ledger.py; backend/app/database/repository.py
AI14,AI,EXPERIMENT-TRACEABILITY PROBLEMS,1763,Store posterior before measurement.,implemented_and_tested,Executable software control; scope remains research-only.,backend/app/evidence/ledger.py; backend/app/database/repository.py
AI15,AI,EXPERIMENT-TRACEABILITY PROBLEMS,1765,Store posterior after measurement.,implemented_and_tested,Executable software control; scope remains research-only.,backend/app/evidence/ledger.py; backend/app/database/repository.py
AI16,AI,EXPERIMENT-TRACEABILITY PROBLEMS,1767,Store reason for experiment selection.,implemented_and_tested,Executable software control; scope remains research-only.,backend/app/evidence/ledger.py; backend/app/database/repository.py
AI17,AI,EXPERIMENT-TRACEABILITY PROBLEMS,1769,Store confidence.,implemented_and_tested,Executable software control; scope remains research-only.,backend/app/evidence/ledger.py; backend/app/database/repository.py
AI18,AI,EXPERIMENT-TRACEABILITY PROBLEMS,1771,Store uncertainty.,implemented_and_tested,Executable software control; scope remains research-only.,backend/app/evidence/ledger.py; backend/app/database/repository.py
AI19,AI,EXPERIMENT-TRACEABILITY PROBLEMS,1773,Store OOD score.,implemented_and_tested,Executable software control; scope remains research-only.,backend/app/evidence/ledger.py; backend/app/database/repository.py
AI20,AI,EXPERIMENT-TRACEABILITY PROBLEMS,1775,Store operator overrides.,implemented_and_tested,Executable software control; scope remains research-only.,backend/app/evidence/ledger.py; backend/app/database/repository.py
AI21,AI,EXPERIMENT-TRACEABILITY PROBLEMS,1777,Store hardware faults.,implemented_and_tested,Executable software control; scope remains research-only.,backend/app/evidence/ledger.py; backend/app/database/repository.py
AI22,AI,EXPERIMENT-TRACEABILITY PROBLEMS,1779,Store final decision.,implemented_and_tested,Executable software control; scope remains research-only.,backend/app/evidence/ledger.py; backend/app/database/repository.py
AJ1,AJ,HARDWARE / ROBOTICS PROBLEMS,1785,Probe movement accuracy.,requires_physical_validation,Cannot be closed honestly without representative hardware/panels and independent ground truth.,backend/app/safety/constraints.py; frontend/components/CameraOverlay.tsx
AJ2,AJ,HARDWARE / ROBOTICS PROBLEMS,1787,Probe repeatability.,requires_physical_validation,Cannot be closed honestly without representative hardware/panels and independent ground truth.,backend/app/safety/constraints.py; frontend/components/CameraOverlay.tsx
AJ3,AJ,HARDWARE / ROBOTICS PROBLEMS,1789,Mechanical positioning error.,requires_physical_validation,Cannot be closed honestly without representative hardware/panels and independent ground truth.,backend/app/safety/constraints.py; frontend/components/CameraOverlay.tsx
AJ4,AJ,HARDWARE / ROBOTICS PROBLEMS,1791,Collision avoidance.,implemented_and_tested,Executable software control; scope remains research-only.,backend/app/safety/constraints.py; frontend/components/CameraOverlay.tsx
AJ5,AJ,HARDWARE / ROBOTICS PROBLEMS,1793,Surface accessibility.,implemented_and_tested,Executable software control; scope remains research-only.,backend/app/safety/constraints.py; frontend/components/CameraOverlay.tsx
AJ6,AJ,HARDWARE / ROBOTICS PROBLEMS,1795,Curvature.,implemented_and_tested,Executable software control; scope remains research-only.,backend/app/safety/constraints.py; frontend/components/CameraOverlay.tsx
AJ7,AJ,HARDWARE / ROBOTICS PROBLEMS,1797,Obstructions.,implemented_and_tested,Executable software control; scope remains research-only.,backend/app/safety/constraints.py; frontend/components/CameraOverlay.tsx
AJ8,AJ,HARDWARE / ROBOTICS PROBLEMS,1799,Probe attachment.,requires_physical_validation,Cannot be closed honestly without representative hardware/panels and independent ground truth.,backend/app/safety/constraints.py; frontend/components/CameraOverlay.tsx
AJ9,AJ,HARDWARE / ROBOTICS PROBLEMS,1801,Actuator pressure.,requires_physical_validation,Cannot be closed honestly without representative hardware/panels and independent ground truth.,backend/app/safety/constraints.py; frontend/components/CameraOverlay.tsx
AJ10,AJ,HARDWARE / ROBOTICS PROBLEMS,1803,Travel time.,requires_physical_validation,Cannot be closed honestly without representative hardware/panels and independent ground truth.,backend/app/safety/constraints.py; frontend/components/CameraOverlay.tsx
AJ11,AJ,HARDWARE / ROBOTICS PROBLEMS,1805,Motion energy.,requires_physical_validation,Cannot be closed honestly without representative hardware/panels and independent ground truth.,backend/app/safety/constraints.py; frontend/components/CameraOverlay.tsx
AJ12,AJ,HARDWARE / ROBOTICS PROBLEMS,1807,Mechanical vibration during movement.,requires_physical_validation,Cannot be closed honestly without representative hardware/panels and independent ground truth.,backend/app/safety/constraints.py; frontend/components/CameraOverlay.tsx
AJ13,AJ,HARDWARE / ROBOTICS PROBLEMS,1809,Robot localization.,requires_physical_validation,Cannot be closed honestly without representative hardware/panels and independent ground truth.,backend/app/safety/constraints.py; frontend/components/CameraOverlay.tsx
AJ14,AJ,HARDWARE / ROBOTICS PROBLEMS,1811,Coordinate registration.,requires_physical_validation,Cannot be closed honestly without representative hardware/panels and independent ground truth.,backend/app/safety/constraints.py; frontend/components/CameraOverlay.tsx
AJ15,AJ,HARDWARE / ROBOTICS PROBLEMS,1813,Sensor placement error.,requires_physical_validation,Cannot be closed honestly without representative hardware/panels and independent ground truth.,backend/app/safety/constraints.py; frontend/components/CameraOverlay.tsx
AJ16,AJ,HARDWARE / ROBOTICS PROBLEMS,1815,Emergency stop.,implemented_and_tested,Executable software control; scope remains research-only.,backend/app/safety/constraints.py; frontend/components/CameraOverlay.tsx
AJ17,AJ,HARDWARE / ROBOTICS PROBLEMS,1817,Mechanical safety limits.,implemented_and_tested,Executable software control; scope remains research-only.,backend/app/safety/constraints.py; frontend/components/CameraOverlay.tsx
AJ18,AJ,HARDWARE / ROBOTICS PROBLEMS,1819,Hardware failure fallback.,implemented_and_tested,Executable software control; scope remains research-only.,backend/app/safety/constraints.py; frontend/components/CameraOverlay.tsx
AK1,AK,REAL-TIME SYSTEM PROBLEMS,1825,Acquisition latency.,partially_mitigated,A bounded software mechanism or test exists; broader robustness/generalization remains open.,backend/app/main.py; scripts/doctor.py
AK2,AK,REAL-TIME SYSTEM PROBLEMS,1827,Preprocessing latency.,partially_mitigated,A bounded software mechanism or test exists; broader robustness/generalization remains open.,backend/app/main.py; scripts/doctor.py
AK3,AK,REAL-TIME SYSTEM PROBLEMS,1829,Inference latency.,implemented_and_tested,Executable software control; scope remains research-only.,backend/app/main.py; scripts/doctor.py
AK4,AK,REAL-TIME SYSTEM PROBLEMS,1831,Planner latency.,implemented_and_tested,Executable software control; scope remains research-only.,backend/app/main.py; scripts/doctor.py
AK5,AK,REAL-TIME SYSTEM PROBLEMS,1833,Hardware-movement latency.,partially_mitigated,A bounded software mechanism or test exists; broader robustness/generalization remains open.,backend/app/main.py; scripts/doctor.py
AK6,AK,REAL-TIME SYSTEM PROBLEMS,1835,Communication latency.,partially_mitigated,A bounded software mechanism or test exists; broader robustness/generalization remains open.,backend/app/main.py; scripts/doctor.py
AK7,AK,REAL-TIME SYSTEM PROBLEMS,1837,Queue delays.,partially_mitigated,A bounded software mechanism or test exists; broader robustness/generalization remains open.,backend/app/main.py; scripts/doctor.py
AK8,AK,REAL-TIME SYSTEM PROBLEMS,1839,Concurrent jobs.,partially_mitigated,A bounded software mechanism or test exists; broader robustness/generalization remains open.,backend/app/main.py; scripts/doctor.py
AK9,AK,REAL-TIME SYSTEM PROBLEMS,1841,Real-time visualization overhead.,partially_mitigated,A bounded software mechanism or test exists; broader robustness/generalization remains open.,backend/app/main.py; scripts/doctor.py
AK10,AK,REAL-TIME SYSTEM PROBLEMS,1843,Memory leaks.,partially_mitigated,A bounded software mechanism or test exists; broader robustness/generalization remains open.,backend/app/main.py; scripts/doctor.py
AK11,AK,REAL-TIME SYSTEM PROBLEMS,1845,Long-run stability.,partially_mitigated,A bounded software mechanism or test exists; broader robustness/generalization remains open.,backend/app/main.py; scripts/doctor.py
AK12,AK,REAL-TIME SYSTEM PROBLEMS,1847,Watchdog recovery.,partially_mitigated,A bounded software mechanism or test exists; broader robustness/generalization remains open.,backend/app/main.py; scripts/doctor.py
AK13,AK,REAL-TIME SYSTEM PROBLEMS,1849,Logging overhead.,implemented_and_tested,Executable software control; scope remains research-only.,backend/app/main.py; scripts/doctor.py
AK14,AK,REAL-TIME SYSTEM PROBLEMS,1851,Edge/cloud synchronization.,partially_mitigated,A bounded software mechanism or test exists; broader robustness/generalization remains open.,backend/app/main.py; scripts/doctor.py
AK15,AK,REAL-TIME SYSTEM PROBLEMS,1853,Offline operation.,implemented_and_tested,Executable software control; scope remains research-only.,backend/app/main.py; scripts/doctor.py
AL1,AL,SOFTWARE ENGINEERING PROBLEMS,1859,Monolithic architecture.,partially_mitigated,A bounded software mechanism or test exists; broader robustness/generalization remains open.,backend/tests; frontend/tests; backend/app/replay
AL2,AL,SOFTWARE ENGINEERING PROBLEMS,1861,Tight coupling between UI and model.,implemented_and_tested,Executable software control; scope remains research-only.,backend/tests; frontend/tests; backend/app/replay
AL3,AL,SOFTWARE ENGINEERING PROBLEMS,1863,Lack of API versioning.,implemented_and_tested,Executable software control; scope remains research-only.,backend/tests; frontend/tests; backend/app/replay
AL4,AL,SOFTWARE ENGINEERING PROBLEMS,1865,Lack of model versioning.,implemented_and_tested,Executable software control; scope remains research-only.,backend/tests; frontend/tests; backend/app/replay
AL5,AL,SOFTWARE ENGINEERING PROBLEMS,1867,Lack of schema versioning.,implemented_and_tested,Executable software control; scope remains research-only.,backend/tests; frontend/tests; backend/app/replay
AL6,AL,SOFTWARE ENGINEERING PROBLEMS,1869,Lack of automated tests.,implemented_and_tested,Executable software control; scope remains research-only.,backend/tests; frontend/tests; backend/app/replay
AL7,AL,SOFTWARE ENGINEERING PROBLEMS,1871,Lack of integration tests.,implemented_and_tested,Executable software control; scope remains research-only.,backend/tests; frontend/tests; backend/app/replay
AL8,AL,SOFTWARE ENGINEERING PROBLEMS,1873,Lack of hardware-in-the-loop tests.,partially_mitigated,A bounded software mechanism or test exists; broader robustness/generalization remains open.,backend/tests; frontend/tests; backend/app/replay
AL9,AL,SOFTWARE ENGINEERING PROBLEMS,1875,Lack of simulator-in-the-loop tests.,implemented_and_tested,Executable software control; scope remains research-only.,backend/tests; frontend/tests; backend/app/replay
AL10,AL,SOFTWARE ENGINEERING PROBLEMS,1877,No deterministic replay.,implemented_and_tested,Executable software control; scope remains research-only.,backend/tests; frontend/tests; backend/app/replay
AL11,AL,SOFTWARE ENGINEERING PROBLEMS,1879,No experiment replay functionality.,implemented_and_tested,Executable software control; scope remains research-only.,backend/tests; frontend/tests; backend/app/replay
AL12,AL,SOFTWARE ENGINEERING PROBLEMS,1881,No reproducible inference mode.,implemented_and_tested,Executable software control; scope remains research-only.,backend/tests; frontend/tests; backend/app/replay
AL13,AL,SOFTWARE ENGINEERING PROBLEMS,1883,Poor failure handling.,implemented_and_tested,Executable software control; scope remains research-only.,backend/tests; frontend/tests; backend/app/replay
AL14,AL,SOFTWARE ENGINEERING PROBLEMS,1885,Poor logging.,implemented_and_tested,Executable software control; scope remains research-only.,backend/tests; frontend/tests; backend/app/replay
AL15,AL,SOFTWARE ENGINEERING PROBLEMS,1887,No monitoring.,partially_mitigated,A bounded software mechanism or test exists; broader robustness/generalization remains open.,backend/tests; frontend/tests; backend/app/replay
AL16,AL,SOFTWARE ENGINEERING PROBLEMS,1889,No model telemetry.,partially_mitigated,A bounded software mechanism or test exists; broader robustness/generalization remains open.,backend/tests; frontend/tests; backend/app/replay
AL17,AL,SOFTWARE ENGINEERING PROBLEMS,1891,No data validation.,implemented_and_tested,Executable software control; scope remains research-only.,backend/tests; frontend/tests; backend/app/replay
AL18,AL,SOFTWARE ENGINEERING PROBLEMS,1893,No input sanity checks.,implemented_and_tested,Executable software control; scope remains research-only.,backend/tests; frontend/tests; backend/app/replay
AL19,AL,SOFTWARE ENGINEERING PROBLEMS,1895,No output sanity checks.,implemented_and_tested,Executable software control; scope remains research-only.,backend/tests; frontend/tests; backend/app/replay
AL20,AL,SOFTWARE ENGINEERING PROBLEMS,1897,No model rollback.,partially_mitigated,A bounded software mechanism or test exists; broader robustness/generalization remains open.,backend/tests; frontend/tests; backend/app/replay
AM1,AM,DATABASE / DATA ENGINEERING PROBLEMS,1903,Raw waveform storage.,partially_mitigated,A bounded software mechanism or test exists; broader robustness/generalization remains open.,backend/app/database; backend/app/evidence/bundles.py
AM2,AM,DATABASE / DATA ENGINEERING PROBLEMS,1905,Large waveform volume.,partially_mitigated,A bounded software mechanism or test exists; broader robustness/generalization remains open.,backend/app/database; backend/app/evidence/bundles.py
AM3,AM,DATABASE / DATA ENGINEERING PROBLEMS,1907,Efficient indexing.,partially_mitigated,A bounded software mechanism or test exists; broader robustness/generalization remains open.,backend/app/database; backend/app/evidence/bundles.py
AM4,AM,DATABASE / DATA ENGINEERING PROBLEMS,1909,Metadata consistency.,implemented_and_tested,Executable software control; scope remains research-only.,backend/app/database; backend/app/evidence/bundles.py
AM5,AM,DATABASE / DATA ENGINEERING PROBLEMS,1911,Sensor ID consistency.,implemented_and_tested,Executable software control; scope remains research-only.,backend/app/database; backend/app/evidence/bundles.py
AM6,AM,DATABASE / DATA ENGINEERING PROBLEMS,1913,Coordinate consistency.,implemented_and_tested,Executable software control; scope remains research-only.,backend/app/database; backend/app/evidence/bundles.py
AM7,AM,DATABASE / DATA ENGINEERING PROBLEMS,1915,Dataset versioning.,implemented_and_tested,Executable software control; scope remains research-only.,backend/app/database; backend/app/evidence/bundles.py
AM8,AM,DATABASE / DATA ENGINEERING PROBLEMS,1917,Experiment versioning.,implemented_and_tested,Executable software control; scope remains research-only.,backend/app/database; backend/app/evidence/bundles.py
AM9,AM,DATABASE / DATA ENGINEERING PROBLEMS,1919,Model versioning.,implemented_and_tested,Executable software control; scope remains research-only.,backend/app/database; backend/app/evidence/bundles.py
AM10,AM,DATABASE / DATA ENGINEERING PROBLEMS,1921,Digital-twin versioning.,implemented_and_tested,Executable software control; scope remains research-only.,backend/app/database; backend/app/evidence/bundles.py
AM11,AM,DATABASE / DATA ENGINEERING PROBLEMS,1923,Data lineage.,implemented_and_tested,Executable software control; scope remains research-only.,backend/app/database; backend/app/evidence/bundles.py
AM12,AM,DATABASE / DATA ENGINEERING PROBLEMS,1925,Data provenance.,implemented_and_tested,Executable software control; scope remains research-only.,backend/app/database; backend/app/evidence/bundles.py
AM13,AM,DATABASE / DATA ENGINEERING PROBLEMS,1927,Annotation provenance.,partially_mitigated,A bounded software mechanism or test exists; broader robustness/generalization remains open.,backend/app/database; backend/app/evidence/bundles.py
AM14,AM,DATABASE / DATA ENGINEERING PROBLEMS,1929,Ground-truth provenance.,partially_mitigated,A bounded software mechanism or test exists; broader robustness/generalization remains open.,backend/app/database; backend/app/evidence/bundles.py
AM15,AM,DATABASE / DATA ENGINEERING PROBLEMS,1931,Audit trail.,implemented_and_tested,Executable software control; scope remains research-only.,backend/app/database; backend/app/evidence/bundles.py
AN1,AN,EVALUATION PROBLEMS,1937,Mean localization error alone is insufficient.,partially_mitigated,A bounded software mechanism or test exists; broader robustness/generalization remains open.,backend/app/evaluation; scripts/neo_benchmark.py; scripts/neo_calibration.py
AN2,AN,EVALUATION PROBLEMS,1939,Median localization error needed.,partially_mitigated,A bounded software mechanism or test exists; broader robustness/generalization remains open.,backend/app/evaluation; scripts/neo_benchmark.py; scripts/neo_calibration.py
AN3,AN,EVALUATION PROBLEMS,1941,Worst-case error needed.,partially_mitigated,A bounded software mechanism or test exists; broader robustness/generalization remains open.,backend/app/evaluation; scripts/neo_benchmark.py; scripts/neo_calibration.py
AN4,AN,EVALUATION PROBLEMS,1943,Percent within 5 mm.,partially_mitigated,A bounded software mechanism or test exists; broader robustness/generalization remains open.,backend/app/evaluation; scripts/neo_benchmark.py; scripts/neo_calibration.py
AN5,AN,EVALUATION PROBLEMS,1945,Percent within 10 mm.,partially_mitigated,A bounded software mechanism or test exists; broader robustness/generalization remains open.,backend/app/evaluation; scripts/neo_benchmark.py; scripts/neo_calibration.py
AN6,AN,EVALUATION PROBLEMS,1947,Percent within 15 mm.,partially_mitigated,A bounded software mechanism or test exists; broader robustness/generalization remains open.,backend/app/evaluation; scripts/neo_benchmark.py; scripts/neo_calibration.py
AN7,AN,EVALUATION PROBLEMS,1949,Percent within 20 mm.,partially_mitigated,A bounded software mechanism or test exists; broader robustness/generalization remains open.,backend/app/evaluation; scripts/neo_benchmark.py; scripts/neo_calibration.py
AN8,AN,EVALUATION PROBLEMS,1951,Defect-type accuracy.,partially_mitigated,A bounded software mechanism or test exists; broader robustness/generalization remains open.,backend/app/evaluation; scripts/neo_benchmark.py; scripts/neo_calibration.py
AN9,AN,EVALUATION PROBLEMS,1953,Defect-size error.,partially_mitigated,A bounded software mechanism or test exists; broader robustness/generalization remains open.,backend/app/evaluation; scripts/neo_benchmark.py; scripts/neo_calibration.py
AN10,AN,EVALUATION PROBLEMS,1955,Severity error.,partially_mitigated,A bounded software mechanism or test exists; broader robustness/generalization remains open.,backend/app/evaluation; scripts/neo_benchmark.py; scripts/neo_calibration.py
AN11,AN,EVALUATION PROBLEMS,1957,Defect-count error.,partially_mitigated,A bounded software mechanism or test exists; broader robustness/generalization remains open.,backend/app/evaluation; scripts/neo_benchmark.py; scripts/neo_calibration.py
AN12,AN,EVALUATION PROBLEMS,1959,False-positive rate.,partially_mitigated,A bounded software mechanism or test exists; broader robustness/generalization remains open.,backend/app/evaluation; scripts/neo_benchmark.py; scripts/neo_calibration.py
AN13,AN,EVALUATION PROBLEMS,1961,False-negative rate.,partially_mitigated,A bounded software mechanism or test exists; broader robustness/generalization remains open.,backend/app/evaluation; scripts/neo_benchmark.py; scripts/neo_calibration.py
AN14,AN,EVALUATION PROBLEMS,1963,Probability of detection.,partially_mitigated,A bounded software mechanism or test exists; broader robustness/generalization remains open.,backend/app/evaluation; scripts/neo_benchmark.py; scripts/neo_calibration.py
AN15,AN,EVALUATION PROBLEMS,1965,Confidence calibration.,partially_mitigated,A bounded software mechanism or test exists; broader robustness/generalization remains open.,backend/app/evaluation; scripts/neo_benchmark.py; scripts/neo_calibration.py
AN16,AN,EVALUATION PROBLEMS,1967,Coverage probability.,partially_mitigated,A bounded software mechanism or test exists; broader robustness/generalization remains open.,backend/app/evaluation; scripts/neo_benchmark.py; scripts/neo_calibration.py
AN17,AN,EVALUATION PROBLEMS,1969,OOD detection accuracy.,partially_mitigated,A bounded software mechanism or test exists; broader robustness/generalization remains open.,backend/app/evaluation; scripts/neo_benchmark.py; scripts/neo_calibration.py
AN18,AN,EVALUATION PROBLEMS,1971,Abstention quality.,partially_mitigated,A bounded software mechanism or test exists; broader robustness/generalization remains open.,backend/app/evaluation; scripts/neo_benchmark.py; scripts/neo_calibration.py
AN19,AN,EVALUATION PROBLEMS,1973,Measurement count.,partially_mitigated,A bounded software mechanism or test exists; broader robustness/generalization remains open.,backend/app/evaluation; scripts/neo_benchmark.py; scripts/neo_calibration.py
AN20,AN,EVALUATION PROBLEMS,1975,Time-to-confidence.,partially_mitigated,A bounded software mechanism or test exists; broader robustness/generalization remains open.,backend/app/evaluation; scripts/neo_benchmark.py; scripts/neo_calibration.py
AN21,AN,EVALUATION PROBLEMS,1977,Cost-to-confidence.,partially_mitigated,A bounded software mechanism or test exists; broader robustness/generalization remains open.,backend/app/evaluation; scripts/neo_benchmark.py; scripts/neo_calibration.py
AN22,AN,EVALUATION PROBLEMS,1979,Energy-to-confidence.,partially_mitigated,A bounded software mechanism or test exists; broader robustness/generalization remains open.,backend/app/evaluation; scripts/neo_benchmark.py; scripts/neo_calibration.py
AN23,AN,EVALUATION PROBLEMS,1981,Probe distance.,partially_mitigated,A bounded software mechanism or test exists; broader robustness/generalization remains open.,backend/app/evaluation; scripts/neo_benchmark.py; scripts/neo_calibration.py
AN24,AN,EVALUATION PROBLEMS,1983,Number of redundant experiments.,partially_mitigated,A bounded software mechanism or test exists; broader robustness/generalization remains open.,backend/app/evaluation; scripts/neo_benchmark.py; scripts/neo_calibration.py
AN25,AN,EVALUATION PROBLEMS,1985,Computational latency.,partially_mitigated,A bounded software mechanism or test exists; broader robustness/generalization remains open.,backend/app/evaluation; scripts/neo_benchmark.py; scripts/neo_calibration.py
AN26,AN,EVALUATION PROBLEMS,1987,Memory use.,partially_mitigated,A bounded software mechanism or test exists; broader robustness/generalization remains open.,backend/app/evaluation; scripts/neo_benchmark.py; scripts/neo_calibration.py
AN27,AN,EVALUATION PROBLEMS,1989,Power consumption.,partially_mitigated,A bounded software mechanism or test exists; broader robustness/generalization remains open.,backend/app/evaluation; scripts/neo_benchmark.py; scripts/neo_calibration.py
AN28,AN,EVALUATION PROBLEMS,1991,Robustness under noise.,partially_mitigated,A bounded software mechanism or test exists; broader robustness/generalization remains open.,backend/app/evaluation; scripts/neo_benchmark.py; scripts/neo_calibration.py
AN29,AN,EVALUATION PROBLEMS,1993,Robustness under missing sensors.,partially_mitigated,A bounded software mechanism or test exists; broader robustness/generalization remains open.,backend/app/evaluation; scripts/neo_benchmark.py; scripts/neo_calibration.py
AN30,AN,EVALUATION PROBLEMS,1995,Robustness under environmental changes.,partially_mitigated,A bounded software mechanism or test exists; broader robustness/generalization remains open.,backend/app/evaluation; scripts/neo_benchmark.py; scripts/neo_calibration.py
AN31,AN,EVALUATION PROBLEMS,1997,Cross-structure generalization.,partially_mitigated,A bounded software mechanism or test exists; broader robustness/generalization remains open.,backend/app/evaluation; scripts/neo_benchmark.py; scripts/neo_calibration.py
AN32,AN,EVALUATION PROBLEMS,1999,Cross-material generalization.,partially_mitigated,A bounded software mechanism or test exists; broader robustness/generalization remains open.,backend/app/evaluation; scripts/neo_benchmark.py; scripts/neo_calibration.py
AN33,AN,EVALUATION PROBLEMS,2001,Cross-hardware generalization.,partially_mitigated,A bounded software mechanism or test exists; broader robustness/generalization remains open.,backend/app/evaluation; scripts/neo_benchmark.py; scripts/neo_calibration.py
AN34,AN,EVALUATION PROBLEMS,2003,Cross-defect generalization.,partially_mitigated,A bounded software mechanism or test exists; broader robustness/generalization remains open.,backend/app/evaluation; scripts/neo_benchmark.py; scripts/neo_calibration.py
AN35,AN,EVALUATION PROBLEMS,2005,Statistical significance.,partially_mitigated,A bounded software mechanism or test exists; broader robustness/generalization remains open.,backend/app/evaluation; scripts/neo_benchmark.py; scripts/neo_calibration.py
AN36,AN,EVALUATION PROBLEMS,2007,Confidence intervals.,partially_mitigated,A bounded software mechanism or test exists; broader robustness/generalization remains open.,backend/app/evaluation; scripts/neo_benchmark.py; scripts/neo_calibration.py
AN37,AN,EVALUATION PROBLEMS,2009,Effect sizes.,partially_mitigated,A bounded software mechanism or test exists; broader robustness/generalization remains open.,backend/app/evaluation; scripts/neo_benchmark.py; scripts/neo_calibration.py
AN38,AN,EVALUATION PROBLEMS,2011,Multiple-seed variance.,partially_mitigated,A bounded software mechanism or test exists; broader robustness/generalization remains open.,backend/app/evaluation; scripts/neo_benchmark.py; scripts/neo_calibration.py
AN39,AN,EVALUATION PROBLEMS,2013,Ablation results.,partially_mitigated,A bounded software mechanism or test exists; broader robustness/generalization remains open.,backend/app/evaluation; scripts/neo_benchmark.py; scripts/neo_calibration.py
AO1,AO,BENCHMARK DESIGN PROBLEMS,2019,Need fixed-budget benchmark.,partially_mitigated,A bounded software mechanism or test exists; broader robustness/generalization remains open.,docs/BENCHMARK_PROTOCOL.md; backend/app/replay
AO2,AO,BENCHMARK DESIGN PROBLEMS,2021,Need fixed-accuracy benchmark.,partially_mitigated,A bounded software mechanism or test exists; broader robustness/generalization remains open.,docs/BENCHMARK_PROTOCOL.md; backend/app/replay
AO3,AO,BENCHMARK DESIGN PROBLEMS,2023,Need fixed-time benchmark.,partially_mitigated,A bounded software mechanism or test exists; broader robustness/generalization remains open.,docs/BENCHMARK_PROTOCOL.md; backend/app/replay
AO4,AO,BENCHMARK DESIGN PROBLEMS,2025,Need fixed-cost benchmark.,partially_mitigated,A bounded software mechanism or test exists; broader robustness/generalization remains open.,docs/BENCHMARK_PROTOCOL.md; backend/app/replay
AO5,AO,BENCHMARK DESIGN PROBLEMS,2027,Need same hardware across methods.,partially_mitigated,A bounded software mechanism or test exists; broader robustness/generalization remains open.,docs/BENCHMARK_PROTOCOL.md; backend/app/replay
AO6,AO,BENCHMARK DESIGN PROBLEMS,2029,Need same initial prior.,partially_mitigated,A bounded software mechanism or test exists; broader robustness/generalization remains open.,docs/BENCHMARK_PROTOCOL.md; backend/app/replay
AO7,AO,BENCHMARK DESIGN PROBLEMS,2031,Need same candidate action space.,partially_mitigated,A bounded software mechanism or test exists; broader robustness/generalization remains open.,docs/BENCHMARK_PROTOCOL.md; backend/app/replay
AO8,AO,BENCHMARK DESIGN PROBLEMS,2033,Need same preprocessing.,partially_mitigated,A bounded software mechanism or test exists; broader robustness/generalization remains open.,docs/BENCHMARK_PROTOCOL.md; backend/app/replay
AO9,AO,BENCHMARK DESIGN PROBLEMS,2035,Need independent test set.,partially_mitigated,A bounded software mechanism or test exists; broader robustness/generalization remains open.,docs/BENCHMARK_PROTOCOL.md; backend/app/replay
AO10,AO,BENCHMARK DESIGN PROBLEMS,2037,Need completely blind physical test set.,partially_mitigated,A bounded software mechanism or test exists; broader robustness/generalization remains open.,docs/BENCHMARK_PROTOCOL.md; backend/app/replay
AO11,AO,BENCHMARK DESIGN PROBLEMS,2039,Need structure-level split.,partially_mitigated,A bounded software mechanism or test exists; broader robustness/generalization remains open.,docs/BENCHMARK_PROTOCOL.md; backend/app/replay
AO12,AO,BENCHMARK DESIGN PROBLEMS,2041,Need defect-level split.,partially_mitigated,A bounded software mechanism or test exists; broader robustness/generalization remains open.,docs/BENCHMARK_PROTOCOL.md; backend/app/replay
AO13,AO,BENCHMARK DESIGN PROBLEMS,2043,Need environmental split.,partially_mitigated,A bounded software mechanism or test exists; broader robustness/generalization remains open.,docs/BENCHMARK_PROTOCOL.md; backend/app/replay
AO14,AO,BENCHMARK DESIGN PROBLEMS,2045,Need hardware split.,partially_mitigated,A bounded software mechanism or test exists; broader robustness/generalization remains open.,docs/BENCHMARK_PROTOCOL.md; backend/app/replay
AO15,AO,BENCHMARK DESIGN PROBLEMS,2047,Need leave-one-structure-out validation.,partially_mitigated,A bounded software mechanism or test exists; broader robustness/generalization remains open.,docs/BENCHMARK_PROTOCOL.md; backend/app/replay
AO16,AO,BENCHMARK DESIGN PROBLEMS,2049,Need cross-dataset validation.,partially_mitigated,A bounded software mechanism or test exists; broader robustness/generalization remains open.,docs/BENCHMARK_PROTOCOL.md; backend/app/replay
AO17,AO,BENCHMARK DESIGN PROBLEMS,2051,Need external benchmark.,partially_mitigated,A bounded software mechanism or test exists; broader robustness/generalization remains open.,docs/BENCHMARK_PROTOCOL.md; backend/app/replay
AP1,AP,STATISTICS PROBLEMS,2057,30 cases is small.,partially_mitigated,A bounded software mechanism or test exists; broader robustness/generalization remains open.,backend/app/evaluation/benchmark.py; backend/app/evaluation/calibration_study.py
AP2,AP,STATISTICS PROBLEMS,2059,Mean differences may be unstable.,partially_mitigated,A bounded software mechanism or test exists; broader robustness/generalization remains open.,backend/app/evaluation/benchmark.py; backend/app/evaluation/calibration_study.py
AP3,AP,STATISTICS PROBLEMS,2061,Confidence intervals may cross zero.,partially_mitigated,A bounded software mechanism or test exists; broader robustness/generalization remains open.,backend/app/evaluation/benchmark.py; backend/app/evaluation/calibration_study.py
AP4,AP,STATISTICS PROBLEMS,2063,Statistical significance may be absent.,partially_mitigated,A bounded software mechanism or test exists; broader robustness/generalization remains open.,backend/app/evaluation/benchmark.py; backend/app/evaluation/calibration_study.py
AP5,AP,STATISTICS PROBLEMS,2065,Multiple comparisons may inflate false discoveries.,partially_mitigated,A bounded software mechanism or test exists; broader robustness/generalization remains open.,backend/app/evaluation/benchmark.py; backend/app/evaluation/calibration_study.py
AP6,AP,STATISTICS PROBLEMS,2067,Need effect size.,partially_mitigated,A bounded software mechanism or test exists; broader robustness/generalization remains open.,backend/app/evaluation/benchmark.py; backend/app/evaluation/calibration_study.py
AP7,AP,STATISTICS PROBLEMS,2069,Need bootstrap confidence intervals.,partially_mitigated,A bounded software mechanism or test exists; broader robustness/generalization remains open.,backend/app/evaluation/benchmark.py; backend/app/evaluation/calibration_study.py
AP8,AP,STATISTICS PROBLEMS,2071,Need appropriate paired tests when experiments are paired.,partially_mitigated,A bounded software mechanism or test exists; broader robustness/generalization remains open.,backend/app/evaluation/benchmark.py; backend/app/evaluation/calibration_study.py
AP9,AP,STATISTICS PROBLEMS,2073,Need nonparametric tests where assumptions fail.,partially_mitigated,A bounded software mechanism or test exists; broader robustness/generalization remains open.,backend/app/evaluation/benchmark.py; backend/app/evaluation/calibration_study.py
AP10,AP,STATISTICS PROBLEMS,2075,Need uncertainty on all major metrics.,partially_mitigated,A bounded software mechanism or test exists; broader robustness/generalization remains open.,backend/app/evaluation/benchmark.py; backend/app/evaluation/calibration_study.py
AP11,AP,STATISTICS PROBLEMS,2077,Need sensitivity analysis.,partially_mitigated,A bounded software mechanism or test exists; broader robustness/generalization remains open.,backend/app/evaluation/benchmark.py; backend/app/evaluation/calibration_study.py
AP12,AP,STATISTICS PROBLEMS,2079,Need power analysis for physical experiments.,partially_mitigated,A bounded software mechanism or test exists; broader robustness/generalization remains open.,backend/app/evaluation/benchmark.py; backend/app/evaluation/calibration_study.py
AQ1,AQ,ABLATION-STUDY PROBLEMS,2085,Cannot know whether Bayesian inference actually helps.,partially_mitigated,A bounded software mechanism or test exists; broader robustness/generalization remains open.,scripts/neo_benchmark.py; research_results/neo_ablation_quick.json
AQ2,AQ,ABLATION-STUDY PROBLEMS,2087,Cannot know whether physics helps.,partially_mitigated,A bounded software mechanism or test exists; broader robustness/generalization remains open.,scripts/neo_benchmark.py; research_results/neo_ablation_quick.json
AQ3,AQ,ABLATION-STUDY PROBLEMS,2089,Cannot know whether learned features help.,partially_mitigated,A bounded software mechanism or test exists; broader robustness/generalization remains open.,scripts/neo_benchmark.py; research_results/neo_ablation_quick.json
AQ4,AQ,ABLATION-STUDY PROBLEMS,2091,Cannot know whether GNN helps.,partially_mitigated,A bounded software mechanism or test exists; broader robustness/generalization remains open.,scripts/neo_benchmark.py; research_results/neo_ablation_quick.json
AQ5,AQ,ABLATION-STUDY PROBLEMS,2093,Cannot know whether multimodal fusion helps.,partially_mitigated,A bounded software mechanism or test exists; broader robustness/generalization remains open.,scripts/neo_benchmark.py; research_results/neo_ablation_quick.json
AQ6,AQ,ABLATION-STUDY PROBLEMS,2095,Cannot know whether uncertainty helps.,partially_mitigated,A bounded software mechanism or test exists; broader robustness/generalization remains open.,scripts/neo_benchmark.py; research_results/neo_ablation_quick.json
AQ7,AQ,ABLATION-STUDY PROBLEMS,2097,Cannot know whether OOD helps.,partially_mitigated,A bounded software mechanism or test exists; broader robustness/generalization remains open.,scripts/neo_benchmark.py; research_results/neo_ablation_quick.json
AQ8,AQ,ABLATION-STUDY PROBLEMS,2099,Cannot know whether active planning helps.,partially_mitigated,A bounded software mechanism or test exists; broader robustness/generalization remains open.,scripts/neo_benchmark.py; research_results/neo_ablation_quick.json
AQ9,AQ,ABLATION-STUDY PROBLEMS,2101,Cannot know whether cost-awareness helps.,partially_mitigated,A bounded software mechanism or test exists; broader robustness/generalization remains open.,scripts/neo_benchmark.py; research_results/neo_ablation_quick.json
AQ10,AQ,ABLATION-STUDY PROBLEMS,2103,Cannot know whether redundancy penalty helps.,partially_mitigated,A bounded software mechanism or test exists; broader robustness/generalization remains open.,scripts/neo_benchmark.py; research_results/neo_ablation_quick.json
AQ11,AQ,ABLATION-STUDY PROBLEMS,2105,Cannot know which planner terms matter.,partially_mitigated,A bounded software mechanism or test exists; broader robustness/generalization remains open.,scripts/neo_benchmark.py; research_results/neo_ablation_quick.json
AQ12,AQ,ABLATION-STUDY PROBLEMS,2107,Need removal/addition studies for every major contribution.,partially_mitigated,A bounded software mechanism or test exists; broader robustness/generalization remains open.,scripts/neo_benchmark.py; research_results/neo_ablation_quick.json
AR1,AR,RESEARCH NOVELTY PROBLEMS,2113,Bayesian active sensing is NOT inherently novel.,requires_literature_or_legal_review,"Evidence is documented, but publication/patent conclusions require a current professional search or review.",docs/PATENT_LANDSCAPE_AND_COMMERCIALIZATION.md; docs/PRIOR_ART_NOTES.md
AR2,AR,RESEARCH NOVELTY PROBLEMS,2115,Bayesian sensor placement is established research.,requires_literature_or_legal_review,"Evidence is documented, but publication/patent conclusions require a current professional search or review.",docs/PATENT_LANDSCAPE_AND_COMMERCIALIZATION.md; docs/PRIOR_ART_NOTES.md
AR3,AR,RESEARCH NOVELTY PROBLEMS,2117,Cost-aware sensor placement is established research.,requires_literature_or_legal_review,"Evidence is documented, but publication/patent conclusions require a current professional search or review.",docs/PATENT_LANDSCAPE_AND_COMMERCIALIZATION.md; docs/PRIOR_ART_NOTES.md
AR4,AR,RESEARCH NOVELTY PROBLEMS,2119,Physics-informed GNNs are already published.,requires_literature_or_legal_review,"Evidence is documented, but publication/patent conclusions require a current professional search or review.",docs/PATENT_LANDSCAPE_AND_COMMERCIALIZATION.md; docs/PRIOR_ART_NOTES.md
AR5,AR,RESEARCH NOVELTY PROBLEMS,2121,Domain-adaptive GNNs are already published.,requires_literature_or_legal_review,"Evidence is documented, but publication/patent conclusions require a current professional search or review.",docs/PATENT_LANDSCAPE_AND_COMMERCIALIZATION.md; docs/PRIOR_ART_NOTES.md
AR6,AR,RESEARCH NOVELTY PROBLEMS,2123,Digital-twin SHM is already published.,requires_literature_or_legal_review,"Evidence is documented, but publication/patent conclusions require a current professional search or review.",docs/PATENT_LANDSCAPE_AND_COMMERCIALIZATION.md; docs/PRIOR_ART_NOTES.md
AR7,AR,RESEARCH NOVELTY PROBLEMS,2125,Multimodal guided-wave damage detection is already being published.,requires_literature_or_legal_review,"Evidence is documented, but publication/patent conclusions require a current professional search or review.",docs/PATENT_LANDSCAPE_AND_COMMERCIALIZATION.md; docs/PRIOR_ART_NOTES.md
AR8,AR,RESEARCH NOVELTY PROBLEMS,2127,Baseline-free guided-wave ML is already being published.,requires_literature_or_legal_review,"Evidence is documented, but publication/patent conclusions require a current professional search or review.",docs/PATENT_LANDSCAPE_AND_COMMERCIALIZATION.md; docs/PRIOR_ART_NOTES.md
AR9,AR,RESEARCH NOVELTY PROBLEMS,2129,Autonomous guided-wave SHM is already being published.,requires_literature_or_legal_review,"Evidence is documented, but publication/patent conclusions require a current professional search or review.",docs/PATENT_LANDSCAPE_AND_COMMERCIALIZATION.md; docs/PRIOR_ART_NOTES.md
AR10,AR,RESEARCH NOVELTY PROBLEMS,2131,"Therefore novelty cannot simply be: ""We used AI for defect detection.""",requires_literature_or_legal_review,"Evidence is documented, but publication/patent conclusions require a current professional search or review.",docs/PATENT_LANDSCAPE_AND_COMMERCIALIZATION.md; docs/PRIOR_ART_NOTES.md
AR11,AR,RESEARCH NOVELTY PROBLEMS,2134,"Novelty cannot simply be: ""We used a GNN.""",requires_literature_or_legal_review,"Evidence is documented, but publication/patent conclusions require a current professional search or review.",docs/PATENT_LANDSCAPE_AND_COMMERCIALIZATION.md; docs/PRIOR_ART_NOTES.md
AR12,AR,RESEARCH NOVELTY PROBLEMS,2137,"Novelty cannot simply be: ""We used a Transformer.""",requires_literature_or_legal_review,"Evidence is documented, but publication/patent conclusions require a current professional search or review.",docs/PATENT_LANDSCAPE_AND_COMMERCIALIZATION.md; docs/PRIOR_ART_NOTES.md
AR13,AR,RESEARCH NOVELTY PROBLEMS,2140,"Novelty cannot simply be: ""We used a digital twin.""",requires_literature_or_legal_review,"Evidence is documented, but publication/patent conclusions require a current professional search or review.",docs/PATENT_LANDSCAPE_AND_COMMERCIALIZATION.md; docs/PRIOR_ART_NOTES.md
AR14,AR,RESEARCH NOVELTY PROBLEMS,2143,"Novelty cannot simply be: ""We used Bayesian inference.""",requires_literature_or_legal_review,"Evidence is documented, but publication/patent conclusions require a current professional search or review.",docs/PATENT_LANDSCAPE_AND_COMMERCIALIZATION.md; docs/PRIOR_ART_NOTES.md
AR15,AR,RESEARCH NOVELTY PROBLEMS,2146,"Novelty should emerge from a specific new combination, algorithmic mechanism, objective, benchmark or experimentally demonstrated capability.",requires_literature_or_legal_review,"Evidence is documented, but publication/patent conclusions require a current professional search or review.",docs/PATENT_LANDSCAPE_AND_COMMERCIALIZATION.md; docs/PRIOR_ART_NOTES.md
AR16,AR,RESEARCH NOVELTY PROBLEMS,2150,Need a formal literature novelty matrix.,requires_literature_or_legal_review,"Evidence is documented, but publication/patent conclusions require a current professional search or review.",docs/PATENT_LANDSCAPE_AND_COMMERCIALIZATION.md; docs/PRIOR_ART_NOTES.md
AR17,AR,RESEARCH NOVELTY PROBLEMS,2152,Need claim-by-claim prior-art checking before publication.,requires_literature_or_legal_review,"Evidence is documented, but publication/patent conclusions require a current professional search or review.",docs/PATENT_LANDSCAPE_AND_COMMERCIALIZATION.md; docs/PRIOR_ART_NOTES.md
AR18,AR,RESEARCH NOVELTY PROBLEMS,2154,Need novelty claims frozen only after literature search.,requires_literature_or_legal_review,"Evidence is documented, but publication/patent conclusions require a current professional search or review.",docs/PATENT_LANDSCAPE_AND_COMMERCIALIZATION.md; docs/PRIOR_ART_NOTES.md
AS1,AS,HUMAN-IN-THE-LOOP PROBLEMS,2160,Operator may override model.,partially_mitigated,A bounded software mechanism or test exists; broader robustness/generalization remains open.,backend/app/services/session_manager.py; frontend/components/ArgusBrain.tsx
AS2,AS,HUMAN-IN-THE-LOOP PROBLEMS,2162,Operator may disagree with model.,partially_mitigated,A bounded software mechanism or test exists; broader robustness/generalization remains open.,backend/app/services/session_manager.py; frontend/components/ArgusBrain.tsx
AS3,AS,HUMAN-IN-THE-LOOP PROBLEMS,2164,Human override may not be logged.,implemented_and_tested,Executable software control; scope remains research-only.,backend/app/services/session_manager.py; frontend/components/ArgusBrain.tsx
AS4,AS,HUMAN-IN-THE-LOOP PROBLEMS,2166,Model recommendation may not be understandable.,implemented_and_tested,Executable software control; scope remains research-only.,backend/app/services/session_manager.py; frontend/components/ArgusBrain.tsx
AS5,AS,HUMAN-IN-THE-LOOP PROBLEMS,2168,Human may over-trust confidence scores.,partially_mitigated,A bounded software mechanism or test exists; broader robustness/generalization remains open.,backend/app/services/session_manager.py; frontend/components/ArgusBrain.tsx
AS6,AS,HUMAN-IN-THE-LOOP PROBLEMS,2170,Human may ignore abstention warnings.,partially_mitigated,A bounded software mechanism or test exists; broader robustness/generalization remains open.,backend/app/services/session_manager.py; frontend/components/ArgusBrain.tsx
AS7,AS,HUMAN-IN-THE-LOOP PROBLEMS,2172,Human may accept false negatives.,partially_mitigated,A bounded software mechanism or test exists; broader robustness/generalization remains open.,backend/app/services/session_manager.py; frontend/components/ArgusBrain.tsx
AS8,AS,HUMAN-IN-THE-LOOP PROBLEMS,2174,Human may request manual inspection.,implemented_and_tested,Executable software control; scope remains research-only.,backend/app/services/session_manager.py; frontend/components/ArgusBrain.tsx
AS9,AS,HUMAN-IN-THE-LOOP PROBLEMS,2176,Human feedback could be incorporated.,partially_mitigated,A bounded software mechanism or test exists; broader robustness/generalization remains open.,backend/app/services/session_manager.py; frontend/components/ArgusBrain.tsx
AS10,AS,HUMAN-IN-THE-LOOP PROBLEMS,2178,Need clear human/system responsibility boundaries.,implemented_and_tested,Executable software control; scope remains research-only.,backend/app/services/session_manager.py; frontend/components/ArgusBrain.tsx
AS11,AS,HUMAN-IN-THE-LOOP PROBLEMS,2180,Need interface for uncertainty.,implemented_and_tested,Executable software control; scope remains research-only.,backend/app/services/session_manager.py; frontend/components/ArgusBrain.tsx
AS12,AS,HUMAN-IN-THE-LOOP PROBLEMS,2182,Need interface for sensor health.,implemented_and_tested,Executable software control; scope remains research-only.,backend/app/services/session_manager.py; frontend/components/ArgusBrain.tsx
AS13,AS,HUMAN-IN-THE-LOOP PROBLEMS,2184,Need interface for inspection history.,implemented_and_tested,Executable software control; scope remains research-only.,backend/app/services/session_manager.py; frontend/components/ArgusBrain.tsx
AT1,AT,SAFETY PROBLEMS,2190,False negative may miss critical damage.,partially_mitigated,A bounded software mechanism or test exists; broader robustness/generalization remains open.,backend/app/safety/constraints.py; emergency-stop API
AT2,AT,SAFETY PROBLEMS,2192,False confidence can be more dangerous than low confidence.,partially_mitigated,A bounded software mechanism or test exists; broader robustness/generalization remains open.,backend/app/safety/constraints.py; emergency-stop API
AT3,AT,SAFETY PROBLEMS,2194,Sensor fault can be mistaken for healthy structure.,implemented_and_tested,Executable software control; scope remains research-only.,backend/app/safety/constraints.py; emergency-stop API
AT4,AT,SAFETY PROBLEMS,2196,Unknown damage can be forced into known class.,implemented_and_tested,Executable software control; scope remains research-only.,backend/app/safety/constraints.py; emergency-stop API
AT5,AT,SAFETY PROBLEMS,2198,Excessive excitation could potentially affect sensitive structures.,partially_mitigated,A bounded software mechanism or test exists; broader robustness/generalization remains open.,backend/app/safety/constraints.py; emergency-stop API
AT6,AT,SAFETY PROBLEMS,2200,Probe motion could damage surfaces.,partially_mitigated,A bounded software mechanism or test exists; broader robustness/generalization remains open.,backend/app/safety/constraints.py; emergency-stop API
AT7,AT,SAFETY PROBLEMS,2202,Hardware failure could interrupt inspection.,partially_mitigated,A bounded software mechanism or test exists; broader robustness/generalization remains open.,backend/app/safety/constraints.py; emergency-stop API
AT8,AT,SAFETY PROBLEMS,2204,Need safety limits on excitation.,implemented_and_tested,Executable software control; scope remains research-only.,backend/app/safety/constraints.py; emergency-stop API
AT9,AT,SAFETY PROBLEMS,2206,Need action constraints.,implemented_and_tested,Executable software control; scope remains research-only.,backend/app/safety/constraints.py; emergency-stop API
AT10,AT,SAFETY PROBLEMS,2208,Need emergency shutdown.,implemented_and_tested,Executable software control; scope remains research-only.,backend/app/safety/constraints.py; emergency-stop API
AT11,AT,SAFETY PROBLEMS,2210,Need human escalation path.,implemented_and_tested,Executable software control; scope remains research-only.,backend/app/safety/constraints.py; emergency-stop API
AT12,AT,SAFETY PROBLEMS,2212,Need safe fallback mode.,implemented_and_tested,Executable software control; scope remains research-only.,backend/app/safety/constraints.py; emergency-stop API
AU1,AU,INDUSTRIAL DEPLOYMENT PROBLEMS,2218,Model trained on one structure may fail on another.,requires_physical_validation,Cannot be closed honestly without representative hardware/panels and independent ground truth.,docs/ARGUS_X_DISPOSITION.md; docs/LIMITATIONS.md
AU2,AU,INDUSTRIAL DEPLOYMENT PROBLEMS,2220,Model trained in a lab may fail in the field.,requires_physical_validation,Cannot be closed honestly without representative hardware/panels and independent ground truth.,docs/ARGUS_X_DISPOSITION.md; docs/LIMITATIONS.md
AU3,AU,INDUSTRIAL DEPLOYMENT PROBLEMS,2222,Model trained on one hardware stack may fail on another.,requires_physical_validation,Cannot be closed honestly without representative hardware/panels and independent ground truth.,docs/ARGUS_X_DISPOSITION.md; docs/LIMITATIONS.md
AU4,AU,INDUSTRIAL DEPLOYMENT PROBLEMS,2224,Model needs calibration after deployment.,requires_physical_validation,Cannot be closed honestly without representative hardware/panels and independent ground truth.,docs/ARGUS_X_DISPOSITION.md; docs/LIMITATIONS.md
AU5,AU,INDUSTRIAL DEPLOYMENT PROBLEMS,2226,Calibration may require labeled defects.,requires_physical_validation,Cannot be closed honestly without representative hardware/panels and independent ground truth.,docs/ARGUS_X_DISPOSITION.md; docs/LIMITATIONS.md
AU6,AU,INDUSTRIAL DEPLOYMENT PROBLEMS,2228,Labeled physical defects are expensive.,requires_physical_validation,Cannot be closed honestly without representative hardware/panels and independent ground truth.,docs/ARGUS_X_DISPOSITION.md; docs/LIMITATIONS.md
AU7,AU,INDUSTRIAL DEPLOYMENT PROBLEMS,2230,Inspection downtime is expensive.,requires_physical_validation,Cannot be closed honestly without representative hardware/panels and independent ground truth.,docs/ARGUS_X_DISPOSITION.md; docs/LIMITATIONS.md
AU8,AU,INDUSTRIAL DEPLOYMENT PROBLEMS,2232,Equipment cost matters.,requires_physical_validation,Cannot be closed honestly without representative hardware/panels and independent ground truth.,docs/ARGUS_X_DISPOSITION.md; docs/LIMITATIONS.md
AU9,AU,INDUSTRIAL DEPLOYMENT PROBLEMS,2234,Sensor installation cost matters.,requires_physical_validation,Cannot be closed honestly without representative hardware/panels and independent ground truth.,docs/ARGUS_X_DISPOSITION.md; docs/LIMITATIONS.md
AU10,AU,INDUSTRIAL DEPLOYMENT PROBLEMS,2236,Maintenance cost matters.,requires_physical_validation,Cannot be closed honestly without representative hardware/panels and independent ground truth.,docs/ARGUS_X_DISPOSITION.md; docs/LIMITATIONS.md
AU11,AU,INDUSTRIAL DEPLOYMENT PROBLEMS,2238,Operator training cost matters.,requires_physical_validation,Cannot be closed honestly without representative hardware/panels and independent ground truth.,docs/ARGUS_X_DISPOSITION.md; docs/LIMITATIONS.md
AU12,AU,INDUSTRIAL DEPLOYMENT PROBLEMS,2240,False alarms create operational burden.,requires_physical_validation,Cannot be closed honestly without representative hardware/panels and independent ground truth.,docs/ARGUS_X_DISPOSITION.md; docs/LIMITATIONS.md
AU13,AU,INDUSTRIAL DEPLOYMENT PROBLEMS,2242,Missed defects create safety risk.,requires_physical_validation,Cannot be closed honestly without representative hardware/panels and independent ground truth.,docs/ARGUS_X_DISPOSITION.md; docs/LIMITATIONS.md
AU14,AU,INDUSTRIAL DEPLOYMENT PROBLEMS,2244,Need lifecycle cost model.,requires_physical_validation,Cannot be closed honestly without representative hardware/panels and independent ground truth.,docs/ARGUS_X_DISPOSITION.md; docs/LIMITATIONS.md
AU15,AU,INDUSTRIAL DEPLOYMENT PROBLEMS,2246,Need deployment monitoring.,requires_physical_validation,Cannot be closed honestly without representative hardware/panels and independent ground truth.,docs/ARGUS_X_DISPOSITION.md; docs/LIMITATIONS.md
AU16,AU,INDUSTRIAL DEPLOYMENT PROBLEMS,2248,Need model drift monitoring.,requires_physical_validation,Cannot be closed honestly without representative hardware/panels and independent ground truth.,docs/ARGUS_X_DISPOSITION.md; docs/LIMITATIONS.md
AU17,AU,INDUSTRIAL DEPLOYMENT PROBLEMS,2250,Need periodic validation.,requires_physical_validation,Cannot be closed honestly without representative hardware/panels and independent ground truth.,docs/ARGUS_X_DISPOSITION.md; docs/LIMITATIONS.md
AU18,AU,INDUSTRIAL DEPLOYMENT PROBLEMS,2252,Need rollback capability.,requires_physical_validation,Cannot be closed honestly without representative hardware/panels and independent ground truth.,docs/ARGUS_X_DISPOSITION.md; docs/LIMITATIONS.md
AU19,AU,INDUSTRIAL DEPLOYMENT PROBLEMS,2254,Need audit logs.,requires_physical_validation,Cannot be closed honestly without representative hardware/panels and independent ground truth.,docs/ARGUS_X_DISPOSITION.md; docs/LIMITATIONS.md
AU20,AU,INDUSTRIAL DEPLOYMENT PROBLEMS,2256,Need cybersecurity.,requires_physical_validation,Cannot be closed honestly without representative hardware/panels and independent ground truth.,docs/ARGUS_X_DISPOSITION.md; docs/LIMITATIONS.md
AV1,AV,EDGE AI PROBLEMS,2262,CPU-only inference.,partially_mitigated,A bounded software mechanism or test exists; broader robustness/generalization remains open.,docs/ARGUS_X_DISPOSITION.md; docs/LIMITATIONS.md
AV2,AV,EDGE AI PROBLEMS,2264,Low-memory deployment.,partially_mitigated,A bounded software mechanism or test exists; broader robustness/generalization remains open.,docs/ARGUS_X_DISPOSITION.md; docs/LIMITATIONS.md
AV3,AV,EDGE AI PROBLEMS,2266,Quantization.,partially_mitigated,A bounded software mechanism or test exists; broader robustness/generalization remains open.,docs/ARGUS_X_DISPOSITION.md; docs/LIMITATIONS.md
AV4,AV,EDGE AI PROBLEMS,2268,Model compression.,partially_mitigated,A bounded software mechanism or test exists; broader robustness/generalization remains open.,docs/ARGUS_X_DISPOSITION.md; docs/LIMITATIONS.md
AV5,AV,EDGE AI PROBLEMS,2270,Streaming inference.,partially_mitigated,A bounded software mechanism or test exists; broader robustness/generalization remains open.,docs/ARGUS_X_DISPOSITION.md; docs/LIMITATIONS.md
AV6,AV,EDGE AI PROBLEMS,2272,Limited storage.,partially_mitigated,A bounded software mechanism or test exists; broader robustness/generalization remains open.,docs/ARGUS_X_DISPOSITION.md; docs/LIMITATIONS.md
AV7,AV,EDGE AI PROBLEMS,2274,Power consumption.,partially_mitigated,A bounded software mechanism or test exists; broader robustness/generalization remains open.,docs/ARGUS_X_DISPOSITION.md; docs/LIMITATIONS.md
AV8,AV,EDGE AI PROBLEMS,2276,Thermal limits.,partially_mitigated,A bounded software mechanism or test exists; broader robustness/generalization remains open.,docs/ARGUS_X_DISPOSITION.md; docs/LIMITATIONS.md
AV9,AV,EDGE AI PROBLEMS,2278,Intermittent connectivity.,partially_mitigated,A bounded software mechanism or test exists; broader robustness/generalization remains open.,docs/ARGUS_X_DISPOSITION.md; docs/LIMITATIONS.md
AV10,AV,EDGE AI PROBLEMS,2280,Offline operation.,partially_mitigated,A bounded software mechanism or test exists; broader robustness/generalization remains open.,docs/ARGUS_X_DISPOSITION.md; docs/LIMITATIONS.md
AV11,AV,EDGE AI PROBLEMS,2282,On-device preprocessing.,partially_mitigated,A bounded software mechanism or test exists; broader robustness/generalization remains open.,docs/ARGUS_X_DISPOSITION.md; docs/LIMITATIONS.md
AV12,AV,EDGE AI PROBLEMS,2284,On-device anomaly detection.,partially_mitigated,A bounded software mechanism or test exists; broader robustness/generalization remains open.,docs/ARGUS_X_DISPOSITION.md; docs/LIMITATIONS.md
AV13,AV,EDGE AI PROBLEMS,2286,Edge/cloud consistency.,partially_mitigated,A bounded software mechanism or test exists; broader robustness/generalization remains open.,docs/ARGUS_X_DISPOSITION.md; docs/LIMITATIONS.md
AV14,AV,EDGE AI PROBLEMS,2288,Version synchronization.,partially_mitigated,A bounded software mechanism or test exists; broader robustness/generalization remains open.,docs/ARGUS_X_DISPOSITION.md; docs/LIMITATIONS.md
AW1,AW,EXPLAINABILITY / SCIENTIFIC TRUST PROBLEMS,2294,Need evidence from raw waveform.,implemented_and_tested,Executable software control; scope remains research-only.,frontend/components/SignalPlots.tsx; frontend/components/ArgusBrain.tsx
AW2,AW,EXPLAINABILITY / SCIENTIFIC TRUST PROBLEMS,2296,Need evidence from residual waveform.,implemented_and_tested,Executable software control; scope remains research-only.,frontend/components/SignalPlots.tsx; frontend/components/ArgusBrain.tsx
AW3,AW,EXPLAINABILITY / SCIENTIFIC TRUST PROBLEMS,2298,Need predicted arrival-time evidence.,implemented_and_tested,Executable software control; scope remains research-only.,frontend/components/SignalPlots.tsx; frontend/components/ArgusBrain.tsx
AW4,AW,EXPLAINABILITY / SCIENTIFIC TRUST PROBLEMS,2300,Need physical-path explanation.,implemented_and_tested,Executable software control; scope remains research-only.,frontend/components/SignalPlots.tsx; frontend/components/ArgusBrain.tsx
AW5,AW,EXPLAINABILITY / SCIENTIFIC TRUST PROBLEMS,2302,Need hypothesis comparison.,implemented_and_tested,Executable software control; scope remains research-only.,frontend/components/SignalPlots.tsx; frontend/components/ArgusBrain.tsx
AW6,AW,EXPLAINABILITY / SCIENTIFIC TRUST PROBLEMS,2304,Need planner explanation.,implemented_and_tested,Executable software control; scope remains research-only.,frontend/components/SignalPlots.tsx; frontend/components/ArgusBrain.tsx
AW7,AW,EXPLAINABILITY / SCIENTIFIC TRUST PROBLEMS,2306,Need reason for stopping.,implemented_and_tested,Executable software control; scope remains research-only.,frontend/components/SignalPlots.tsx; frontend/components/ArgusBrain.tsx
AW8,AW,EXPLAINABILITY / SCIENTIFIC TRUST PROBLEMS,2308,Need reason for abstaining.,implemented_and_tested,Executable software control; scope remains research-only.,frontend/components/SignalPlots.tsx; frontend/components/ArgusBrain.tsx
AW9,AW,EXPLAINABILITY / SCIENTIFIC TRUST PROBLEMS,2310,Need reason for rejecting sensor.,implemented_and_tested,Executable software control; scope remains research-only.,frontend/components/SignalPlots.tsx; frontend/components/ArgusBrain.tsx
AW10,AW,EXPLAINABILITY / SCIENTIFIC TRUST PROBLEMS,2312,Need confidence decomposition.,implemented_and_tested,Executable software control; scope remains research-only.,frontend/components/SignalPlots.tsx; frontend/components/ArgusBrain.tsx
AW11,AW,EXPLAINABILITY / SCIENTIFIC TRUST PROBLEMS,2314,Need distinguish model confidence from physical evidence.,implemented_and_tested,Executable software control; scope remains research-only.,frontend/components/SignalPlots.tsx; frontend/components/ArgusBrain.tsx
AX1,AX,REPRODUCIBILITY PROBLEMS,2320,Random seeds.,implemented_and_tested,Executable software control; scope remains research-only.,docs/REPRODUCIBILITY.md; scripts/doctor.py; backend/app/replay
AX2,AX,REPRODUCIBILITY PROBLEMS,2322,Exact dataset versions.,implemented_and_tested,Executable software control; scope remains research-only.,docs/REPRODUCIBILITY.md; scripts/doctor.py; backend/app/replay
AX3,AX,REPRODUCIBILITY PROBLEMS,2324,Exact simulator parameters.,implemented_and_tested,Executable software control; scope remains research-only.,docs/REPRODUCIBILITY.md; scripts/doctor.py; backend/app/replay
AX4,AX,REPRODUCIBILITY PROBLEMS,2326,Exact hardware configuration.,partially_mitigated,A bounded software mechanism or test exists; broader robustness/generalization remains open.,docs/REPRODUCIBILITY.md; scripts/doctor.py; backend/app/replay
AX5,AX,REPRODUCIBILITY PROBLEMS,2328,Exact sensor positions.,implemented_and_tested,Executable software control; scope remains research-only.,docs/REPRODUCIBILITY.md; scripts/doctor.py; backend/app/replay
AX6,AX,REPRODUCIBILITY PROBLEMS,2330,Exact preprocessing.,implemented_and_tested,Executable software control; scope remains research-only.,docs/REPRODUCIBILITY.md; scripts/doctor.py; backend/app/replay
AX7,AX,REPRODUCIBILITY PROBLEMS,2332,Exact model weights.,partially_mitigated,A bounded software mechanism or test exists; broader robustness/generalization remains open.,docs/REPRODUCIBILITY.md; scripts/doctor.py; backend/app/replay
AX8,AX,REPRODUCIBILITY PROBLEMS,2334,Exact planner coefficients.,implemented_and_tested,Executable software control; scope remains research-only.,docs/REPRODUCIBILITY.md; scripts/doctor.py; backend/app/replay
AX9,AX,REPRODUCIBILITY PROBLEMS,2336,Exact evaluation split.,implemented_and_tested,Executable software control; scope remains research-only.,docs/REPRODUCIBILITY.md; scripts/doctor.py; backend/app/replay
AX10,AX,REPRODUCIBILITY PROBLEMS,2338,Exact software environment.,implemented_and_tested,Executable software control; scope remains research-only.,docs/REPRODUCIBILITY.md; scripts/doctor.py; backend/app/replay
AX11,AX,REPRODUCIBILITY PROBLEMS,2340,Containerized deployment.,partially_mitigated,A bounded software mechanism or test exists; broader robustness/generalization remains open.,docs/REPRODUCIBILITY.md; scripts/doctor.py; backend/app/replay
AX12,AX,REPRODUCIBILITY PROBLEMS,2342,Reproducible benchmark script.,implemented_and_tested,Executable software control; scope remains research-only.,docs/REPRODUCIBILITY.md; scripts/doctor.py; backend/app/replay
AX13,AX,REPRODUCIBILITY PROBLEMS,2344,Automated experiment runner.,implemented_and_tested,Executable software control; scope remains research-only.,docs/REPRODUCIBILITY.md; scripts/doctor.py; backend/app/replay
AX14,AX,REPRODUCIBILITY PROBLEMS,2346,Public configuration files.,implemented_and_tested,Executable software control; scope remains research-only.,docs/REPRODUCIBILITY.md; scripts/doctor.py; backend/app/replay
AY1,AY,PHYSICAL VALIDATION PROBLEMS,2352,Too few physical panels.,requires_physical_validation,Cannot be closed honestly without representative hardware/panels and independent ground truth.,docs/ARGUS_X_DISPOSITION.md; docs/LIMITATIONS.md
AY2,AY,PHYSICAL VALIDATION PROBLEMS,2354,Too few defect locations.,requires_physical_validation,Cannot be closed honestly without representative hardware/panels and independent ground truth.,docs/ARGUS_X_DISPOSITION.md; docs/LIMITATIONS.md
AY3,AY,PHYSICAL VALIDATION PROBLEMS,2356,Too few defect types.,requires_physical_validation,Cannot be closed honestly without representative hardware/panels and independent ground truth.,docs/ARGUS_X_DISPOSITION.md; docs/LIMITATIONS.md
AY4,AY,PHYSICAL VALIDATION PROBLEMS,2358,Too few repetitions.,requires_physical_validation,Cannot be closed honestly without representative hardware/panels and independent ground truth.,docs/ARGUS_X_DISPOSITION.md; docs/LIMITATIONS.md
AY5,AY,PHYSICAL VALIDATION PROBLEMS,2360,Ground truth may be uncertain.,requires_physical_validation,Cannot be closed honestly without representative hardware/panels and independent ground truth.,docs/ARGUS_X_DISPOSITION.md; docs/LIMITATIONS.md
AY6,AY,PHYSICAL VALIDATION PROBLEMS,2362,Need independent ground truth.,requires_physical_validation,Cannot be closed honestly without representative hardware/panels and independent ground truth.,docs/ARGUS_X_DISPOSITION.md; docs/LIMITATIONS.md
AY7,AY,PHYSICAL VALIDATION PROBLEMS,2364,Need blind testing.,requires_physical_validation,Cannot be closed honestly without representative hardware/panels and independent ground truth.,docs/ARGUS_X_DISPOSITION.md; docs/LIMITATIONS.md
AY8,AY,PHYSICAL VALIDATION PROBLEMS,2366,Need previously unseen panels.,requires_physical_validation,Cannot be closed honestly without representative hardware/panels and independent ground truth.,docs/ARGUS_X_DISPOSITION.md; docs/LIMITATIONS.md
AY9,AY,PHYSICAL VALIDATION PROBLEMS,2368,Need previously unseen defects.,requires_physical_validation,Cannot be closed honestly without representative hardware/panels and independent ground truth.,docs/ARGUS_X_DISPOSITION.md; docs/LIMITATIONS.md
AY10,AY,PHYSICAL VALIDATION PROBLEMS,2370,Need environmental variation.,requires_physical_validation,Cannot be closed honestly without representative hardware/panels and independent ground truth.,docs/ARGUS_X_DISPOSITION.md; docs/LIMITATIONS.md
AY11,AY,PHYSICAL VALIDATION PROBLEMS,2372,Need sensor repositioning tests.,requires_physical_validation,Cannot be closed honestly without representative hardware/panels and independent ground truth.,docs/ARGUS_X_DISPOSITION.md; docs/LIMITATIONS.md
AY12,AY,PHYSICAL VALIDATION PROBLEMS,2374,Need hardware variation.,requires_physical_validation,Cannot be closed honestly without representative hardware/panels and independent ground truth.,docs/ARGUS_X_DISPOSITION.md; docs/LIMITATIONS.md
AY13,AY,PHYSICAL VALIDATION PROBLEMS,2376,Need sensor-fault experiments.,requires_physical_validation,Cannot be closed honestly without representative hardware/panels and independent ground truth.,docs/ARGUS_X_DISPOSITION.md; docs/LIMITATIONS.md
AY14,AY,PHYSICAL VALIDATION PROBLEMS,2378,Need noise experiments.,requires_physical_validation,Cannot be closed honestly without representative hardware/panels and independent ground truth.,docs/ARGUS_X_DISPOSITION.md; docs/LIMITATIONS.md
AY15,AY,PHYSICAL VALIDATION PROBLEMS,2380,Need long-term tests.,requires_physical_validation,Cannot be closed honestly without representative hardware/panels and independent ground truth.,docs/ARGUS_X_DISPOSITION.md; docs/LIMITATIONS.md
AY16,AY,PHYSICAL VALIDATION PROBLEMS,2382,Need repeatability tests.,requires_physical_validation,Cannot be closed honestly without representative hardware/panels and independent ground truth.,docs/ARGUS_X_DISPOSITION.md; docs/LIMITATIONS.md
AY17,AY,PHYSICAL VALIDATION PROBLEMS,2384,Need reproducibility across operators.,requires_physical_validation,Cannot be closed honestly without representative hardware/panels and independent ground truth.,docs/ARGUS_X_DISPOSITION.md; docs/LIMITATIONS.md
AY18,AY,PHYSICAL VALIDATION PROBLEMS,2386,Need true closed-loop physical experiment.,requires_physical_validation,Cannot be closed honestly without representative hardware/panels and independent ground truth.,docs/ARGUS_X_DISPOSITION.md; docs/LIMITATIONS.md
AZ1,AZ,DIGITAL-TWIN VALIDATION PROBLEMS,2392,Validate direct wave arrival.,requires_physical_validation,Cannot be closed honestly without representative hardware/panels and independent ground truth.,docs/ARGUS_X_DISPOSITION.md; docs/LIMITATIONS.md
AZ2,AZ,DIGITAL-TWIN VALIDATION PROBLEMS,2394,Validate defect-scattered arrival.,requires_physical_validation,Cannot be closed honestly without representative hardware/panels and independent ground truth.,docs/ARGUS_X_DISPOSITION.md; docs/LIMITATIONS.md
AZ3,AZ,DIGITAL-TWIN VALIDATION PROBLEMS,2396,Validate amplitude.,requires_physical_validation,Cannot be closed honestly without representative hardware/panels and independent ground truth.,docs/ARGUS_X_DISPOSITION.md; docs/LIMITATIONS.md
AZ4,AZ,DIGITAL-TWIN VALIDATION PROBLEMS,2398,Validate attenuation.,requires_physical_validation,Cannot be closed honestly without representative hardware/panels and independent ground truth.,docs/ARGUS_X_DISPOSITION.md; docs/LIMITATIONS.md
AZ5,AZ,DIGITAL-TWIN VALIDATION PROBLEMS,2400,Validate spectrum.,requires_physical_validation,Cannot be closed honestly without representative hardware/panels and independent ground truth.,docs/ARGUS_X_DISPOSITION.md; docs/LIMITATIONS.md
AZ6,AZ,DIGITAL-TWIN VALIDATION PROBLEMS,2402,Validate phase where relevant.,requires_physical_validation,Cannot be closed honestly without representative hardware/panels and independent ground truth.,docs/ARGUS_X_DISPOSITION.md; docs/LIMITATIONS.md
AZ7,AZ,DIGITAL-TWIN VALIDATION PROBLEMS,2404,Validate temperature response.,requires_physical_validation,Cannot be closed honestly without representative hardware/panels and independent ground truth.,docs/ARGUS_X_DISPOSITION.md; docs/LIMITATIONS.md
AZ8,AZ,DIGITAL-TWIN VALIDATION PROBLEMS,2406,Validate sensor response.,requires_physical_validation,Cannot be closed honestly without representative hardware/panels and independent ground truth.,docs/ARGUS_X_DISPOSITION.md; docs/LIMITATIONS.md
AZ9,AZ,DIGITAL-TWIN VALIDATION PROBLEMS,2408,Validate boundary behavior.,requires_physical_validation,Cannot be closed honestly without representative hardware/panels and independent ground truth.,docs/ARGUS_X_DISPOSITION.md; docs/LIMITATIONS.md
AZ10,AZ,DIGITAL-TWIN VALIDATION PROBLEMS,2410,Validate defect geometry response.,requires_physical_validation,Cannot be closed honestly without representative hardware/panels and independent ground truth.,docs/ARGUS_X_DISPOSITION.md; docs/LIMITATIONS.md
AZ11,AZ,DIGITAL-TWIN VALIDATION PROBLEMS,2412,Quantify simulator error.,requires_physical_validation,Cannot be closed honestly without representative hardware/panels and independent ground truth.,docs/ARGUS_X_DISPOSITION.md; docs/LIMITATIONS.md
AZ12,AZ,DIGITAL-TWIN VALIDATION PROBLEMS,2414,Quantify surrogate error.,requires_physical_validation,Cannot be closed honestly without representative hardware/panels and independent ground truth.,docs/ARGUS_X_DISPOSITION.md; docs/LIMITATIONS.md
AZ13,AZ,DIGITAL-TWIN VALIDATION PROBLEMS,2416,Propagate simulator uncertainty into posterior.,requires_physical_validation,Cannot be closed honestly without representative hardware/panels and independent ground truth.,docs/ARGUS_X_DISPOSITION.md; docs/LIMITATIONS.md
BA1,BA,MODEL FAILURE INTERPRETATION,2422,Need classify failures into: - physics mismatch - sensor failure - insufficient data - ambiguity - model error - planner error - domain shift.,implemented_and_tested,Executable software control; scope remains research-only.,backend/app/assurance/monitor.py; backend/app/research/failure_explorer.py
BA2,BA,MODEL FAILURE INTERPRETATION,2431,Need failure taxonomy.,implemented_and_tested,Executable software control; scope remains research-only.,backend/app/assurance/monitor.py; backend/app/research/failure_explorer.py
BA3,BA,MODEL FAILURE INTERPRETATION,2433,Need automatically log failure conditions.,implemented_and_tested,Executable software control; scope remains research-only.,backend/app/assurance/monitor.py; backend/app/research/failure_explorer.py
BA4,BA,MODEL FAILURE INTERPRETATION,2435,Need post-mortem analysis.,implemented_and_tested,Executable software control; scope remains research-only.,backend/app/assurance/monitor.py; backend/app/research/failure_explorer.py
BA5,BA,MODEL FAILURE INTERPRETATION,2437,Need failure replay.,implemented_and_tested,Executable software control; scope remains research-only.,backend/app/assurance/monitor.py; backend/app/research/failure_explorer.py
BA6,BA,MODEL FAILURE INTERPRETATION,2439,Need counterfactual analysis.,implemented_and_tested,Executable software control; scope remains research-only.,backend/app/assurance/monitor.py; backend/app/research/failure_explorer.py
BB1,BB,COUNTERFACTUAL REASONING PROBLEMS,2445,Current planner may generate counterfactual responses using simplified physics.,partially_mitigated,A bounded software mechanism or test exists; broader robustness/generalization remains open.,docs/ARGUS_X_DISPOSITION.md; docs/LIMITATIONS.md
BB2,BB,COUNTERFACTUAL REASONING PROBLEMS,2447,Counterfactual model can be wrong.,partially_mitigated,A bounded software mechanism or test exists; broader robustness/generalization remains open.,docs/ARGUS_X_DISPOSITION.md; docs/LIMITATIONS.md
BB3,BB,COUNTERFACTUAL REASONING PROBLEMS,2449,Hypothesis disagreement can be artificially large.,partially_mitigated,A bounded software mechanism or test exists; broader robustness/generalization remains open.,docs/ARGUS_X_DISPOSITION.md; docs/LIMITATIONS.md
BB4,BB,COUNTERFACTUAL REASONING PROBLEMS,2451,Hypothesis disagreement can be artificially small.,partially_mitigated,A bounded software mechanism or test exists; broader robustness/generalization remains open.,docs/ARGUS_X_DISPOSITION.md; docs/LIMITATIONS.md
BB5,BB,COUNTERFACTUAL REASONING PROBLEMS,2453,Need validate predicted discrimination experimentally.,partially_mitigated,A bounded software mechanism or test exists; broader robustness/generalization remains open.,docs/ARGUS_X_DISPOSITION.md; docs/LIMITATIONS.md
BB6,BB,COUNTERFACTUAL REASONING PROBLEMS,2455,Need compare predicted vs observed information gain.,partially_mitigated,A bounded software mechanism or test exists; broader robustness/generalization remains open.,docs/ARGUS_X_DISPOSITION.md; docs/LIMITATIONS.md
BB7,BB,COUNTERFACTUAL REASONING PROBLEMS,2457,Need calibrate expected information gain.,partially_mitigated,A bounded software mechanism or test exists; broader robustness/generalization remains open.,docs/ARGUS_X_DISPOSITION.md; docs/LIMITATIONS.md
BB8,BB,COUNTERFACTUAL REASONING PROBLEMS,2459,Need model uncertainty in counterfactual predictions.,partially_mitigated,A bounded software mechanism or test exists; broader robustness/generalization remains open.,docs/ARGUS_X_DISPOSITION.md; docs/LIMITATIONS.md
BC1,BC,EXPERIMENTAL DESIGN PROBLEMS,2465,Candidate space may be continuous.,partially_mitigated,A bounded software mechanism or test exists; broader robustness/generalization remains open.,backend/app/active_learning/neo_planner.py; backend/app/safety/constraints.py
BC2,BC,EXPERIMENTAL DESIGN PROBLEMS,2467,Candidate space may be mixed discrete/continuous.,partially_mitigated,A bounded software mechanism or test exists; broader robustness/generalization remains open.,backend/app/active_learning/neo_planner.py; backend/app/safety/constraints.py
BC3,BC,EXPERIMENTAL DESIGN PROBLEMS,2469,Frequency selection may be continuous.,partially_mitigated,A bounded software mechanism or test exists; broader robustness/generalization remains open.,backend/app/active_learning/neo_planner.py; backend/app/safety/constraints.py
BC4,BC,EXPERIMENTAL DESIGN PROBLEMS,2471,Geometry selection may be continuous.,partially_mitigated,A bounded software mechanism or test exists; broader robustness/generalization remains open.,backend/app/active_learning/neo_planner.py; backend/app/safety/constraints.py
BC5,BC,EXPERIMENTAL DESIGN PROBLEMS,2473,Waveform selection may be categorical.,partially_mitigated,A bounded software mechanism or test exists; broader robustness/generalization remains open.,backend/app/active_learning/neo_planner.py; backend/app/safety/constraints.py
BC6,BC,EXPERIMENTAL DESIGN PROBLEMS,2475,Amplitude selection may be continuous.,partially_mitigated,A bounded software mechanism or test exists; broader robustness/generalization remains open.,backend/app/active_learning/neo_planner.py; backend/app/safety/constraints.py
BC7,BC,EXPERIMENTAL DESIGN PROBLEMS,2477,Duration selection may be continuous.,partially_mitigated,A bounded software mechanism or test exists; broader robustness/generalization remains open.,backend/app/active_learning/neo_planner.py; backend/app/safety/constraints.py
BC8,BC,EXPERIMENTAL DESIGN PROBLEMS,2479,Action feasibility constraints.,implemented_and_tested,Executable software control; scope remains research-only.,backend/app/active_learning/neo_planner.py; backend/app/safety/constraints.py
BC9,BC,EXPERIMENTAL DESIGN PROBLEMS,2481,Mechanical constraints.,implemented_and_tested,Executable software control; scope remains research-only.,backend/app/active_learning/neo_planner.py; backend/app/safety/constraints.py
BC10,BC,EXPERIMENTAL DESIGN PROBLEMS,2483,Safety constraints.,implemented_and_tested,Executable software control; scope remains research-only.,backend/app/active_learning/neo_planner.py; backend/app/safety/constraints.py
BC11,BC,EXPERIMENTAL DESIGN PROBLEMS,2485,Cost constraints.,implemented_and_tested,Executable software control; scope remains research-only.,backend/app/active_learning/neo_planner.py; backend/app/safety/constraints.py
BC12,BC,EXPERIMENTAL DESIGN PROBLEMS,2487,Sensor availability constraints.,implemented_and_tested,Executable software control; scope remains research-only.,backend/app/active_learning/neo_planner.py; backend/app/safety/constraints.py
BC13,BC,EXPERIMENTAL DESIGN PROBLEMS,2489,Need efficient optimization.,implemented_and_tested,Executable software control; scope remains research-only.,backend/app/active_learning/neo_planner.py; backend/app/safety/constraints.py
BC14,BC,EXPERIMENTAL DESIGN PROBLEMS,2491,Need candidate pruning.,implemented_and_tested,Executable software control; scope remains research-only.,backend/app/active_learning/neo_planner.py; backend/app/safety/constraints.py
BC15,BC,EXPERIMENTAL DESIGN PROBLEMS,2493,Need uncertainty-aware planning.,implemented_and_tested,Executable software control; scope remains research-only.,backend/app/active_learning/neo_planner.py; backend/app/safety/constraints.py
BD1,BD,MULTI-OBJECTIVE OPTIMIZATION PROBLEMS,2499,Information gain.,implemented_and_tested,Executable software control; scope remains research-only.,backend/app/active_learning/neo_planner.py; backend/app/decision/loss.py
BD2,BD,MULTI-OBJECTIVE OPTIMIZATION PROBLEMS,2501,Localization improvement.,implemented_and_tested,Executable software control; scope remains research-only.,backend/app/active_learning/neo_planner.py; backend/app/decision/loss.py
BD3,BD,MULTI-OBJECTIVE OPTIMIZATION PROBLEMS,2503,Detection probability.,partially_mitigated,A bounded software mechanism or test exists; broader robustness/generalization remains open.,backend/app/active_learning/neo_planner.py; backend/app/decision/loss.py
BD4,BD,MULTI-OBJECTIVE OPTIMIZATION PROBLEMS,2505,Measurement time.,implemented_and_tested,Executable software control; scope remains research-only.,backend/app/active_learning/neo_planner.py; backend/app/decision/loss.py
BD5,BD,MULTI-OBJECTIVE OPTIMIZATION PROBLEMS,2507,Energy.,implemented_and_tested,Executable software control; scope remains research-only.,backend/app/active_learning/neo_planner.py; backend/app/decision/loss.py
BD6,BD,MULTI-OBJECTIVE OPTIMIZATION PROBLEMS,2509,Probe movement.,implemented_and_tested,Executable software control; scope remains research-only.,backend/app/active_learning/neo_planner.py; backend/app/decision/loss.py
BD7,BD,MULTI-OBJECTIVE OPTIMIZATION PROBLEMS,2511,Safety risk.,implemented_and_tested,Executable software control; scope remains research-only.,backend/app/active_learning/neo_planner.py; backend/app/decision/loss.py
BD8,BD,MULTI-OBJECTIVE OPTIMIZATION PROBLEMS,2513,Hardware wear.,implemented_and_tested,Executable software control; scope remains research-only.,backend/app/active_learning/neo_planner.py; backend/app/decision/loss.py
BD9,BD,MULTI-OBJECTIVE OPTIMIZATION PROBLEMS,2515,Redundancy.,implemented_and_tested,Executable software control; scope remains research-only.,backend/app/active_learning/neo_planner.py; backend/app/decision/loss.py
BD10,BD,MULTI-OBJECTIVE OPTIMIZATION PROBLEMS,2517,Operator burden.,partially_mitigated,A bounded software mechanism or test exists; broader robustness/generalization remains open.,backend/app/active_learning/neo_planner.py; backend/app/decision/loss.py
BD11,BD,MULTI-OBJECTIVE OPTIMIZATION PROBLEMS,2519,Need trade-off mechanism.,implemented_and_tested,Executable software control; scope remains research-only.,backend/app/active_learning/neo_planner.py; backend/app/decision/loss.py
BD12,BD,MULTI-OBJECTIVE OPTIMIZATION PROBLEMS,2521,Need application-specific weighting.,implemented_and_tested,Executable software control; scope remains research-only.,backend/app/active_learning/neo_planner.py; backend/app/decision/loss.py
BD13,BD,MULTI-OBJECTIVE OPTIMIZATION PROBLEMS,2523,Need Pareto analysis.,partially_mitigated,A bounded software mechanism or test exists; broader robustness/generalization remains open.,backend/app/active_learning/neo_planner.py; backend/app/decision/loss.py
BD14,BD,MULTI-OBJECTIVE OPTIMIZATION PROBLEMS,2525,Need demonstrate chosen solution is not arbitrary.,partially_mitigated,A bounded software mechanism or test exists; broader robustness/generalization remains open.,backend/app/active_learning/neo_planner.py; backend/app/decision/loss.py
BE1,BE,COST MODEL PROBLEMS,2531,Movement cost.,implemented_and_tested,Executable software control; scope remains research-only.,backend/app/decision/loss.py; backend/app/active_learning/planner.py
BE2,BE,COST MODEL PROBLEMS,2533,Excitation cost.,implemented_and_tested,Executable software control; scope remains research-only.,backend/app/decision/loss.py; backend/app/active_learning/planner.py
BE3,BE,COST MODEL PROBLEMS,2535,Acquisition time.,implemented_and_tested,Executable software control; scope remains research-only.,backend/app/decision/loss.py; backend/app/active_learning/planner.py
BE4,BE,COST MODEL PROBLEMS,2537,Probe repositioning time.,implemented_and_tested,Executable software control; scope remains research-only.,backend/app/decision/loss.py; backend/app/active_learning/planner.py
BE5,BE,COST MODEL PROBLEMS,2539,Sensor switching cost.,implemented_and_tested,Executable software control; scope remains research-only.,backend/app/decision/loss.py; backend/app/active_learning/planner.py
BE6,BE,COST MODEL PROBLEMS,2541,Computational cost.,implemented_and_tested,Executable software control; scope remains research-only.,backend/app/decision/loss.py; backend/app/active_learning/planner.py
BE7,BE,COST MODEL PROBLEMS,2543,Energy consumption.,implemented_and_tested,Executable software control; scope remains research-only.,backend/app/decision/loss.py; backend/app/active_learning/planner.py
BE8,BE,COST MODEL PROBLEMS,2545,Maintenance cost.,partially_mitigated,A bounded software mechanism or test exists; broader robustness/generalization remains open.,backend/app/decision/loss.py; backend/app/active_learning/planner.py
BE9,BE,COST MODEL PROBLEMS,2547,Failure cost.,partially_mitigated,A bounded software mechanism or test exists; broader robustness/generalization remains open.,backend/app/decision/loss.py; backend/app/active_learning/planner.py
BE10,BE,COST MODEL PROBLEMS,2549,Inspection downtime.,partially_mitigated,A bounded software mechanism or test exists; broader robustness/generalization remains open.,backend/app/decision/loss.py; backend/app/active_learning/planner.py
BE11,BE,COST MODEL PROBLEMS,2551,Human labor cost.,partially_mitigated,A bounded software mechanism or test exists; broader robustness/generalization remains open.,backend/app/decision/loss.py; backend/app/active_learning/planner.py
BE12,BE,COST MODEL PROBLEMS,2553,Safety cost.,partially_mitigated,A bounded software mechanism or test exists; broader robustness/generalization remains open.,backend/app/decision/loss.py; backend/app/active_learning/planner.py
BE13,BE,COST MODEL PROBLEMS,2555,Need distinguish monetary cost from physical cost.,implemented_and_tested,Executable software control; scope remains research-only.,backend/app/decision/loss.py; backend/app/active_learning/planner.py
BF1,BF,DATA QUALITY PROBLEMS,2561,Duplicate samples.,implemented_and_tested,Executable software control; scope remains research-only.,backend/app/services/session_manager.py; backend/app/inference/diagnostics.py
BF2,BF,DATA QUALITY PROBLEMS,2563,Near-duplicate samples.,partially_mitigated,A bounded software mechanism or test exists; broader robustness/generalization remains open.,backend/app/services/session_manager.py; backend/app/inference/diagnostics.py
BF3,BF,DATA QUALITY PROBLEMS,2565,Corrupted files.,implemented_and_tested,Executable software control; scope remains research-only.,backend/app/services/session_manager.py; backend/app/inference/diagnostics.py
BF4,BF,DATA QUALITY PROBLEMS,2567,Missing channels.,implemented_and_tested,Executable software control; scope remains research-only.,backend/app/services/session_manager.py; backend/app/inference/diagnostics.py
BF5,BF,DATA QUALITY PROBLEMS,2569,Invalid metadata.,implemented_and_tested,Executable software control; scope remains research-only.,backend/app/services/session_manager.py; backend/app/inference/diagnostics.py
BF6,BF,DATA QUALITY PROBLEMS,2571,Invalid timestamps.,implemented_and_tested,Executable software control; scope remains research-only.,backend/app/services/session_manager.py; backend/app/inference/diagnostics.py
BF7,BF,DATA QUALITY PROBLEMS,2573,Wrong coordinates.,partially_mitigated,A bounded software mechanism or test exists; broader robustness/generalization remains open.,backend/app/services/session_manager.py; backend/app/inference/diagnostics.py
BF8,BF,DATA QUALITY PROBLEMS,2575,Sensor ID mismatch.,implemented_and_tested,Executable software control; scope remains research-only.,backend/app/services/session_manager.py; backend/app/inference/diagnostics.py
BF9,BF,DATA QUALITY PROBLEMS,2577,Unit mismatch.,implemented_and_tested,Executable software control; scope remains research-only.,backend/app/services/session_manager.py; backend/app/inference/diagnostics.py
BF10,BF,DATA QUALITY PROBLEMS,2579,Sampling frequency mismatch.,implemented_and_tested,Executable software control; scope remains research-only.,backend/app/services/session_manager.py; backend/app/inference/diagnostics.py
BF11,BF,DATA QUALITY PROBLEMS,2581,Signal scaling mismatch.,implemented_and_tested,Executable software control; scope remains research-only.,backend/app/services/session_manager.py; backend/app/inference/diagnostics.py
BF12,BF,DATA QUALITY PROBLEMS,2583,Different file formats.,implemented_and_tested,Executable software control; scope remains research-only.,backend/app/services/session_manager.py; backend/app/inference/diagnostics.py
BF13,BF,DATA QUALITY PROBLEMS,2585,Different experiment conventions.,partially_mitigated,A bounded software mechanism or test exists; broader robustness/generalization remains open.,backend/app/services/session_manager.py; backend/app/inference/diagnostics.py
BF14,BF,DATA QUALITY PROBLEMS,2587,Annotation inconsistencies.,partially_mitigated,A bounded software mechanism or test exists; broader robustness/generalization remains open.,backend/app/services/session_manager.py; backend/app/inference/diagnostics.py
BF15,BF,DATA QUALITY PROBLEMS,2589,Ground-truth inconsistency.,partially_mitigated,A bounded software mechanism or test exists; broader robustness/generalization remains open.,backend/app/services/session_manager.py; backend/app/inference/diagnostics.py
BG1,BG,SOFTWARE-UI PROBLEMS,2595,Heatmap can visually imply certainty incorrectly.,partially_mitigated,A bounded software mechanism or test exists; broader robustness/generalization remains open.,frontend/components; frontend/app/page.tsx
BG2,BG,SOFTWARE-UI PROBLEMS,2597,Color scale can distort interpretation.,partially_mitigated,A bounded software mechanism or test exists; broader robustness/generalization remains open.,frontend/components; frontend/app/page.tsx
BG3,BG,SOFTWARE-UI PROBLEMS,2599,Confidence may be confused with accuracy.,implemented_and_tested,Executable software control; scope remains research-only.,frontend/components; frontend/app/page.tsx
BG4,BG,SOFTWARE-UI PROBLEMS,2601,Multiple defects may be hard to visualize.,partially_mitigated,A bounded software mechanism or test exists; broader robustness/generalization remains open.,frontend/components; frontend/app/page.tsx
BG5,BG,SOFTWARE-UI PROBLEMS,2603,Uncertainty region needs visualization.,implemented_and_tested,Executable software control; scope remains research-only.,frontend/components; frontend/app/page.tsx
BG6,BG,SOFTWARE-UI PROBLEMS,2605,Sensor health needs visualization.,implemented_and_tested,Executable software control; scope remains research-only.,frontend/components; frontend/app/page.tsx
BG7,BG,SOFTWARE-UI PROBLEMS,2607,Measurement history needs visualization.,implemented_and_tested,Executable software control; scope remains research-only.,frontend/components; frontend/app/page.tsx
BG8,BG,SOFTWARE-UI PROBLEMS,2609,Planner reason needs visualization.,implemented_and_tested,Executable software control; scope remains research-only.,frontend/components; frontend/app/page.tsx
BG9,BG,SOFTWARE-UI PROBLEMS,2611,Raw signal should be traceable.,implemented_and_tested,Executable software control; scope remains research-only.,frontend/components; frontend/app/page.tsx
BG10,BG,SOFTWARE-UI PROBLEMS,2613,Model version should be visible.,implemented_and_tested,Executable software control; scope remains research-only.,frontend/components; frontend/app/page.tsx
BG11,BG,SOFTWARE-UI PROBLEMS,2615,Audit trail should be visible.,implemented_and_tested,Executable software control; scope remains research-only.,frontend/components; frontend/app/page.tsx
BG12,BG,SOFTWARE-UI PROBLEMS,2617,Operator should see why inspection stopped.,implemented_and_tested,Executable software control; scope remains research-only.,frontend/components; frontend/app/page.tsx
BH1,BH,MLOPS PROBLEMS,2623,Data drift monitoring.,partially_mitigated,A bounded software mechanism or test exists; broader robustness/generalization remains open.,backend/app/assurance/monitor.py; backend/app/models/registry.py
BH2,BH,MLOPS PROBLEMS,2625,Model drift monitoring.,partially_mitigated,A bounded software mechanism or test exists; broader robustness/generalization remains open.,backend/app/assurance/monitor.py; backend/app/models/registry.py
BH3,BH,MLOPS PROBLEMS,2627,Sensor drift monitoring.,partially_mitigated,A bounded software mechanism or test exists; broader robustness/generalization remains open.,backend/app/assurance/monitor.py; backend/app/models/registry.py
BH4,BH,MLOPS PROBLEMS,2629,Environment drift monitoring.,partially_mitigated,A bounded software mechanism or test exists; broader robustness/generalization remains open.,backend/app/assurance/monitor.py; backend/app/models/registry.py
BH5,BH,MLOPS PROBLEMS,2631,Performance monitoring.,partially_mitigated,A bounded software mechanism or test exists; broader robustness/generalization remains open.,backend/app/assurance/monitor.py; backend/app/models/registry.py
BH6,BH,MLOPS PROBLEMS,2633,Confidence monitoring.,partially_mitigated,A bounded software mechanism or test exists; broader robustness/generalization remains open.,backend/app/assurance/monitor.py; backend/app/models/registry.py
BH7,BH,MLOPS PROBLEMS,2635,OOD rate monitoring.,partially_mitigated,A bounded software mechanism or test exists; broader robustness/generalization remains open.,backend/app/assurance/monitor.py; backend/app/models/registry.py
BH8,BH,MLOPS PROBLEMS,2637,Abstention rate monitoring.,partially_mitigated,A bounded software mechanism or test exists; broader robustness/generalization remains open.,backend/app/assurance/monitor.py; backend/app/models/registry.py
BH9,BH,MLOPS PROBLEMS,2639,Planner behavior monitoring.,partially_mitigated,A bounded software mechanism or test exists; broader robustness/generalization remains open.,backend/app/assurance/monitor.py; backend/app/models/registry.py
BH10,BH,MLOPS PROBLEMS,2641,Experiment cost monitoring.,partially_mitigated,A bounded software mechanism or test exists; broader robustness/generalization remains open.,backend/app/assurance/monitor.py; backend/app/models/registry.py
BH11,BH,MLOPS PROBLEMS,2643,Failed-experiment monitoring.,partially_mitigated,A bounded software mechanism or test exists; broader robustness/generalization remains open.,backend/app/assurance/monitor.py; backend/app/models/registry.py
BH12,BH,MLOPS PROBLEMS,2645,Model rollback.,partially_mitigated,A bounded software mechanism or test exists; broader robustness/generalization remains open.,backend/app/assurance/monitor.py; backend/app/models/registry.py
BH13,BH,MLOPS PROBLEMS,2647,Model version control.,partially_mitigated,A bounded software mechanism or test exists; broader robustness/generalization remains open.,backend/app/assurance/monitor.py; backend/app/models/registry.py
BH14,BH,MLOPS PROBLEMS,2649,Data version control.,partially_mitigated,A bounded software mechanism or test exists; broader robustness/generalization remains open.,backend/app/assurance/monitor.py; backend/app/models/registry.py
BI1,BI,LONG-TERM MONITORING PROBLEMS,2655,Structural aging.,requires_physical_validation,Cannot be closed honestly without representative hardware/panels and independent ground truth.,docs/ARGUS_X_DISPOSITION.md; docs/LIMITATIONS.md
BI2,BI,LONG-TERM MONITORING PROBLEMS,2657,Sensor aging.,requires_physical_validation,Cannot be closed honestly without representative hardware/panels and independent ground truth.,docs/ARGUS_X_DISPOSITION.md; docs/LIMITATIONS.md
BI3,BI,LONG-TERM MONITORING PROBLEMS,2659,Adhesive aging.,requires_physical_validation,Cannot be closed honestly without representative hardware/panels and independent ground truth.,docs/ARGUS_X_DISPOSITION.md; docs/LIMITATIONS.md
BI4,BI,LONG-TERM MONITORING PROBLEMS,2661,Baseline drift.,requires_physical_validation,Cannot be closed honestly without representative hardware/panels and independent ground truth.,docs/ARGUS_X_DISPOSITION.md; docs/LIMITATIONS.md
BI5,BI,LONG-TERM MONITORING PROBLEMS,2663,Environmental seasonality.,requires_physical_validation,Cannot be closed honestly without representative hardware/panels and independent ground truth.,docs/ARGUS_X_DISPOSITION.md; docs/LIMITATIONS.md
BI6,BI,LONG-TERM MONITORING PROBLEMS,2665,Changing operating loads.,requires_physical_validation,Cannot be closed honestly without representative hardware/panels and independent ground truth.,docs/ARGUS_X_DISPOSITION.md; docs/LIMITATIONS.md
BI7,BI,LONG-TERM MONITORING PROBLEMS,2667,Damage evolution.,requires_physical_validation,Cannot be closed honestly without representative hardware/panels and independent ground truth.,docs/ARGUS_X_DISPOSITION.md; docs/LIMITATIONS.md
BI8,BI,LONG-TERM MONITORING PROBLEMS,2669,Recalibration frequency.,requires_physical_validation,Cannot be closed honestly without representative hardware/panels and independent ground truth.,docs/ARGUS_X_DISPOSITION.md; docs/LIMITATIONS.md
BI9,BI,LONG-TERM MONITORING PROBLEMS,2671,Model drift.,requires_physical_validation,Cannot be closed honestly without representative hardware/panels and independent ground truth.,docs/ARGUS_X_DISPOSITION.md; docs/LIMITATIONS.md
BI10,BI,LONG-TERM MONITORING PROBLEMS,2673,Concept drift.,requires_physical_validation,Cannot be closed honestly without representative hardware/panels and independent ground truth.,docs/ARGUS_X_DISPOSITION.md; docs/LIMITATIONS.md
BI11,BI,LONG-TERM MONITORING PROBLEMS,2675,Lifelong learning.,requires_physical_validation,Cannot be closed honestly without representative hardware/panels and independent ground truth.,docs/ARGUS_X_DISPOSITION.md; docs/LIMITATIONS.md
BI12,BI,LONG-TERM MONITORING PROBLEMS,2677,Catastrophic forgetting.,requires_physical_validation,Cannot be closed honestly without representative hardware/panels and independent ground truth.,docs/ARGUS_X_DISPOSITION.md; docs/LIMITATIONS.md
BJ1,BJ,RESEARCH-PAPER QUALITY PROBLEMS,2683,Novelty claim must be literature-verified.,requires_literature_or_legal_review,"Evidence is documented, but publication/patent conclusions require a current professional search or review.",paper/main.tex; docs/VERIFICATION_REPORT.md; docs/LIMITATIONS.md
BJ2,BJ,RESEARCH-PAPER QUALITY PROBLEMS,2685,All baselines must be strong.,requires_literature_or_legal_review,"Evidence is documented, but publication/patent conclusions require a current professional search or review.",paper/main.tex; docs/VERIFICATION_REPORT.md; docs/LIMITATIONS.md
BJ3,BJ,RESEARCH-PAPER QUALITY PROBLEMS,2687,Metrics must be comprehensive.,requires_literature_or_legal_review,"Evidence is documented, but publication/patent conclusions require a current professional search or review.",paper/main.tex; docs/VERIFICATION_REPORT.md; docs/LIMITATIONS.md
BJ4,BJ,RESEARCH-PAPER QUALITY PROBLEMS,2689,Results must include uncertainty.,requires_literature_or_legal_review,"Evidence is documented, but publication/patent conclusions require a current professional search or review.",paper/main.tex; docs/VERIFICATION_REPORT.md; docs/LIMITATIONS.md
BJ5,BJ,RESEARCH-PAPER QUALITY PROBLEMS,2691,Results must include statistical significance.,requires_literature_or_legal_review,"Evidence is documented, but publication/patent conclusions require a current professional search or review.",paper/main.tex; docs/VERIFICATION_REPORT.md; docs/LIMITATIONS.md
BJ6,BJ,RESEARCH-PAPER QUALITY PROBLEMS,2693,Failure cases must be reported.,requires_literature_or_legal_review,"Evidence is documented, but publication/patent conclusions require a current professional search or review.",paper/main.tex; docs/VERIFICATION_REPORT.md; docs/LIMITATIONS.md
BJ7,BJ,RESEARCH-PAPER QUALITY PROBLEMS,2695,Negative results should be reported.,requires_literature_or_legal_review,"Evidence is documented, but publication/patent conclusions require a current professional search or review.",paper/main.tex; docs/VERIFICATION_REPORT.md; docs/LIMITATIONS.md
BJ8,BJ,RESEARCH-PAPER QUALITY PROBLEMS,2697,Simulation and physical results must be separated.,requires_literature_or_legal_review,"Evidence is documented, but publication/patent conclusions require a current professional search or review.",paper/main.tex; docs/VERIFICATION_REPORT.md; docs/LIMITATIONS.md
BJ9,BJ,RESEARCH-PAPER QUALITY PROBLEMS,2699,Simulation assumptions must be explicit.,requires_literature_or_legal_review,"Evidence is documented, but publication/patent conclusions require a current professional search or review.",paper/main.tex; docs/VERIFICATION_REPORT.md; docs/LIMITATIONS.md
BJ10,BJ,RESEARCH-PAPER QUALITY PROBLEMS,2701,Real-world limitations must be explicit.,requires_literature_or_legal_review,"Evidence is documented, but publication/patent conclusions require a current professional search or review.",paper/main.tex; docs/VERIFICATION_REPORT.md; docs/LIMITATIONS.md
BJ11,BJ,RESEARCH-PAPER QUALITY PROBLEMS,2703,Reproducibility materials should be released.,requires_literature_or_legal_review,"Evidence is documented, but publication/patent conclusions require a current professional search or review.",paper/main.tex; docs/VERIFICATION_REPORT.md; docs/LIMITATIONS.md
BJ12,BJ,RESEARCH-PAPER QUALITY PROBLEMS,2705,Dataset processing should be documented.,requires_literature_or_legal_review,"Evidence is documented, but publication/patent conclusions require a current professional search or review.",paper/main.tex; docs/VERIFICATION_REPORT.md; docs/LIMITATIONS.md
BJ13,BJ,RESEARCH-PAPER QUALITY PROBLEMS,2707,Hyperparameters should be documented.,requires_literature_or_legal_review,"Evidence is documented, but publication/patent conclusions require a current professional search or review.",paper/main.tex; docs/VERIFICATION_REPORT.md; docs/LIMITATIONS.md
BJ14,BJ,RESEARCH-PAPER QUALITY PROBLEMS,2709,Hardware should be documented.,requires_literature_or_legal_review,"Evidence is documented, but publication/patent conclusions require a current professional search or review.",paper/main.tex; docs/VERIFICATION_REPORT.md; docs/LIMITATIONS.md
BJ15,BJ,RESEARCH-PAPER QUALITY PROBLEMS,2711,Evaluation splits should be documented.,requires_literature_or_legal_review,"Evidence is documented, but publication/patent conclusions require a current professional search or review.",paper/main.tex; docs/VERIFICATION_REPORT.md; docs/LIMITATIONS.md
BJ16,BJ,RESEARCH-PAPER QUALITY PROBLEMS,2713,Avoid inflated claims.,requires_literature_or_legal_review,"Evidence is documented, but publication/patent conclusions require a current professional search or review.",paper/main.tex; docs/VERIFICATION_REPORT.md; docs/LIMITATIONS.md
BJ17,BJ,RESEARCH-PAPER QUALITY PROBLEMS,2715,"Clearly distinguish: implemented, experimentally validated, proposed, future work.",requires_literature_or_legal_review,"Evidence is documented, but publication/patent conclusions require a current professional search or review.",paper/main.tex; docs/VERIFICATION_REPORT.md; docs/LIMITATIONS.md
BK1,BK,RESUME / INTERVIEW PROBLEMS,2725,"""Built a CNN"" is weak.",acknowledged_and_bounded,Recorded in the risk register and bounded as an explicit limitation or future experiment.,docs/ARGUS_X_DISPOSITION.md; docs/LIMITATIONS.md
BK2,BK,RESUME / INTERVIEW PROBLEMS,2727,"""Built a GNN"" is insufficient.",acknowledged_and_bounded,Recorded in the risk register and bounded as an explicit limitation or future experiment.,docs/ARGUS_X_DISPOSITION.md; docs/LIMITATIONS.md
BK3,BK,RESUME / INTERVIEW PROBLEMS,2729,"""Built a dashboard"" is insufficient.",acknowledged_and_bounded,Recorded in the risk register and bounded as an explicit limitation or future experiment.,docs/ARGUS_X_DISPOSITION.md; docs/LIMITATIONS.md
BK4,BK,RESUME / INTERVIEW PROBLEMS,2731,"""Used Bayesian optimization"" is insufficient.",acknowledged_and_bounded,Recorded in the risk register and bounded as an explicit limitation or future experiment.,docs/ARGUS_X_DISPOSITION.md; docs/LIMITATIONS.md
BK5,BK,RESUME / INTERVIEW PROBLEMS,2733,Need quantitative improvements.,acknowledged_and_bounded,Recorded in the risk register and bounded as an explicit limitation or future experiment.,docs/ARGUS_X_DISPOSITION.md; docs/LIMITATIONS.md
BK6,BK,RESUME / INTERVIEW PROBLEMS,2735,Need measurable engineering constraints.,acknowledged_and_bounded,Recorded in the risk register and bounded as an explicit limitation or future experiment.,docs/ARGUS_X_DISPOSITION.md; docs/LIMITATIONS.md
BK7,BK,RESUME / INTERVIEW PROBLEMS,2737,Need real hardware if possible.,acknowledged_and_bounded,Recorded in the risk register and bounded as an explicit limitation or future experiment.,docs/ARGUS_X_DISPOSITION.md; docs/LIMITATIONS.md
BK8,BK,RESUME / INTERVIEW PROBLEMS,2739,Need reproducible benchmarks.,acknowledged_and_bounded,Recorded in the risk register and bounded as an explicit limitation or future experiment.,docs/ARGUS_X_DISPOSITION.md; docs/LIMITATIONS.md
BK9,BK,RESUME / INTERVIEW PROBLEMS,2741,Need strong ablation.,acknowledged_and_bounded,Recorded in the risk register and bounded as an explicit limitation or future experiment.,docs/ARGUS_X_DISPOSITION.md; docs/LIMITATIONS.md
BK10,BK,RESUME / INTERVIEW PROBLEMS,2743,Need system architecture knowledge.,acknowledged_and_bounded,Recorded in the risk register and bounded as an explicit limitation or future experiment.,docs/ARGUS_X_DISPOSITION.md; docs/LIMITATIONS.md
BK11,BK,RESUME / INTERVIEW PROBLEMS,2745,Need deployment story.,acknowledged_and_bounded,Recorded in the risk register and bounded as an explicit limitation or future experiment.,docs/ARGUS_X_DISPOSITION.md; docs/LIMITATIONS.md
BK12,BK,RESUME / INTERVIEW PROBLEMS,2747,Need failure-handling story.,acknowledged_and_bounded,Recorded in the risk register and bounded as an explicit limitation or future experiment.,docs/ARGUS_X_DISPOSITION.md; docs/LIMITATIONS.md
BK13,BK,RESUME / INTERVIEW PROBLEMS,2749,Need explainable decision-making story.,acknowledged_and_bounded,Recorded in the risk register and bounded as an explicit limitation or future experiment.,docs/ARGUS_X_DISPOSITION.md; docs/LIMITATIONS.md
BK14,BK,RESUME / INTERVIEW PROBLEMS,2751,Need real-world constraints.,acknowledged_and_bounded,Recorded in the risk register and bounded as an explicit limitation or future experiment.,docs/ARGUS_X_DISPOSITION.md; docs/LIMITATIONS.md
BL1,BL,PATENT / IP PROBLEMS,2757,Existing prior art must be searched.,requires_literature_or_legal_review,"Evidence is documented, but publication/patent conclusions require a current professional search or review.",docs/PATENT_LANDSCAPE_AND_COMMERCIALIZATION.md; docs/PATENT_TECHNICAL_DISCLOSURE_NOTES.md
BL2,BL,PATENT / IP PROBLEMS,2759,Bayesian experiment design has prior art.,requires_literature_or_legal_review,"Evidence is documented, but publication/patent conclusions require a current professional search or review.",docs/PATENT_LANDSCAPE_AND_COMMERCIALIZATION.md; docs/PATENT_TECHNICAL_DISCLOSURE_NOTES.md
BL3,BL,PATENT / IP PROBLEMS,2761,Active sensor placement has prior art.,requires_literature_or_legal_review,"Evidence is documented, but publication/patent conclusions require a current professional search or review.",docs/PATENT_LANDSCAPE_AND_COMMERCIALIZATION.md; docs/PATENT_TECHNICAL_DISCLOSURE_NOTES.md
BL4,BL,PATENT / IP PROBLEMS,2763,Digital-twin SHM has prior art.,requires_literature_or_legal_review,"Evidence is documented, but publication/patent conclusions require a current professional search or review.",docs/PATENT_LANDSCAPE_AND_COMMERCIALIZATION.md; docs/PATENT_TECHNICAL_DISCLOSURE_NOTES.md
BL5,BL,PATENT / IP PROBLEMS,2765,Physics-informed GNNs have prior art.,requires_literature_or_legal_review,"Evidence is documented, but publication/patent conclusions require a current professional search or review.",docs/PATENT_LANDSCAPE_AND_COMMERCIALIZATION.md; docs/PATENT_TECHNICAL_DISCLOSURE_NOTES.md
BL6,BL,PATENT / IP PROBLEMS,2767,Autonomous guided-wave SHM has prior art.,requires_literature_or_legal_review,"Evidence is documented, but publication/patent conclusions require a current professional search or review.",docs/PATENT_LANDSCAPE_AND_COMMERCIALIZATION.md; docs/PATENT_TECHNICAL_DISCLOSURE_NOTES.md
BL7,BL,PATENT / IP PROBLEMS,2769,Generic AI defect detection will likely not be patentable.,requires_literature_or_legal_review,"Evidence is documented, but publication/patent conclusions require a current professional search or review.",docs/PATENT_LANDSCAPE_AND_COMMERCIALIZATION.md; docs/PATENT_TECHNICAL_DISCLOSURE_NOTES.md
BL8,BL,PATENT / IP PROBLEMS,2771,Novel claim must involve a specific technical mechanism.,requires_literature_or_legal_review,"Evidence is documented, but publication/patent conclusions require a current professional search or review.",docs/PATENT_LANDSCAPE_AND_COMMERCIALIZATION.md; docs/PATENT_TECHNICAL_DISCLOSURE_NOTES.md
BL9,BL,PATENT / IP PROBLEMS,2773,Need novelty search before claiming patentability.,requires_literature_or_legal_review,"Evidence is documented, but publication/patent conclusions require a current professional search or review.",docs/PATENT_LANDSCAPE_AND_COMMERCIALIZATION.md; docs/PATENT_TECHNICAL_DISCLOSURE_NOTES.md
BL10,BL,PATENT / IP PROBLEMS,2775,"Need define the unique system interaction, not just components.",requires_literature_or_legal_review,"Evidence is documented, but publication/patent conclusions require a current professional search or review.",docs/PATENT_LANDSCAPE_AND_COMMERCIALIZATION.md; docs/PATENT_TECHNICAL_DISCLOSURE_NOTES.md
BM1,BM,ETHICAL / RESPONSIBLE-DEPLOYMENT PROBLEMS,2781,False confidence.,implemented_and_tested,Executable software control; scope remains research-only.,backend/app/assurance/monitor.py; backend/app/evidence/ledger.py; docs/LIMITATIONS.md
BM2,BM,ETHICAL / RESPONSIBLE-DEPLOYMENT PROBLEMS,2783,Unsafe automation.,implemented_and_tested,Executable software control; scope remains research-only.,backend/app/assurance/monitor.py; backend/app/evidence/ledger.py; docs/LIMITATIONS.md
BM3,BM,ETHICAL / RESPONSIBLE-DEPLOYMENT PROBLEMS,2785,Inadequate human oversight.,implemented_and_tested,Executable software control; scope remains research-only.,backend/app/assurance/monitor.py; backend/app/evidence/ledger.py; docs/LIMITATIONS.md
BM4,BM,ETHICAL / RESPONSIBLE-DEPLOYMENT PROBLEMS,2787,Data provenance.,implemented_and_tested,Executable software control; scope remains research-only.,backend/app/assurance/monitor.py; backend/app/evidence/ledger.py; docs/LIMITATIONS.md
BM5,BM,ETHICAL / RESPONSIBLE-DEPLOYMENT PROBLEMS,2789,Explainability.,implemented_and_tested,Executable software control; scope remains research-only.,backend/app/assurance/monitor.py; backend/app/evidence/ledger.py; docs/LIMITATIONS.md
BM6,BM,ETHICAL / RESPONSIBLE-DEPLOYMENT PROBLEMS,2791,Traceability.,implemented_and_tested,Executable software control; scope remains research-only.,backend/app/assurance/monitor.py; backend/app/evidence/ledger.py; docs/LIMITATIONS.md
BM7,BM,ETHICAL / RESPONSIBLE-DEPLOYMENT PROBLEMS,2793,Auditability.,implemented_and_tested,Executable software control; scope remains research-only.,backend/app/assurance/monitor.py; backend/app/evidence/ledger.py; docs/LIMITATIONS.md
BM8,BM,ETHICAL / RESPONSIBLE-DEPLOYMENT PROBLEMS,2795,Safety thresholds.,implemented_and_tested,Executable software control; scope remains research-only.,backend/app/assurance/monitor.py; backend/app/evidence/ledger.py; docs/LIMITATIONS.md
BM9,BM,ETHICAL / RESPONSIBLE-DEPLOYMENT PROBLEMS,2797,Model limitations.,implemented_and_tested,Executable software control; scope remains research-only.,backend/app/assurance/monitor.py; backend/app/evidence/ledger.py; docs/LIMITATIONS.md
BM10,BM,ETHICAL / RESPONSIBLE-DEPLOYMENT PROBLEMS,2799,Unseen operating conditions. Do NOT claim:,implemented_and_tested,Executable software control; scope remains research-only.,backend/app/assurance/monitor.py; backend/app/evidence/ledger.py; docs/LIMITATIONS.md
BN1,BN,"FINAL ""DO-NOT-CLAIM"" CHECKLIST",2807,"""First AI system for guided-wave defect localization.""",acknowledged_and_bounded,Recorded in the risk register and bounded as an explicit limitation or future experiment.,docs/ARGUS_X_DISPOSITION.md; docs/LIMITATIONS.md
BN2,BN,"FINAL ""DO-NOT-CLAIM"" CHECKLIST",2809,"""First Bayesian active sensing system.""",acknowledged_and_bounded,Recorded in the risk register and bounded as an explicit limitation or future experiment.,docs/ARGUS_X_DISPOSITION.md; docs/LIMITATIONS.md
BN3,BN,"FINAL ""DO-NOT-CLAIM"" CHECKLIST",2811,"""First physics-informed GNN.""",acknowledged_and_bounded,Recorded in the risk register and bounded as an explicit limitation or future experiment.,docs/ARGUS_X_DISPOSITION.md; docs/LIMITATIONS.md
BN4,BN,"FINAL ""DO-NOT-CLAIM"" CHECKLIST",2813,"""First digital-twin SHM system.""",acknowledged_and_bounded,Recorded in the risk register and bounded as an explicit limitation or future experiment.,docs/ARGUS_X_DISPOSITION.md; docs/LIMITATIONS.md
BN5,BN,"FINAL ""DO-NOT-CLAIM"" CHECKLIST",2815,"""First autonomous guided-wave SHM system.""",acknowledged_and_bounded,Recorded in the risk register and bounded as an explicit limitation or future experiment.,docs/ARGUS_X_DISPOSITION.md; docs/LIMITATIONS.md
BN6,BN,"FINAL ""DO-NOT-CLAIM"" CHECKLIST",2817,"""AI guarantees defect localization.""",acknowledged_and_bounded,Recorded in the risk register and bounded as an explicit limitation or future experiment.,docs/ARGUS_X_DISPOSITION.md; docs/LIMITATIONS.md
BN7,BN,"FINAL ""DO-NOT-CLAIM"" CHECKLIST",2819,"""Confidence equals probability of correctness.""",acknowledged_and_bounded,Recorded in the risk register and bounded as an explicit limitation or future experiment.,docs/ARGUS_X_DISPOSITION.md; docs/LIMITATIONS.md
BN8,BN,"FINAL ""DO-NOT-CLAIM"" CHECKLIST",2821,"""Simulation results prove real-world performance.""",acknowledged_and_bounded,Recorded in the risk register and bounded as an explicit limitation or future experiment.,docs/ARGUS_X_DISPOSITION.md; docs/LIMITATIONS.md
BN9,BN,"FINAL ""DO-NOT-CLAIM"" CHECKLIST",2823,"""High accuracy means industrial readiness.""",acknowledged_and_bounded,Recorded in the risk register and bounded as an explicit limitation or future experiment.,docs/ARGUS_X_DISPOSITION.md; docs/LIMITATIONS.md
BN10,BN,"FINAL ""DO-NOT-CLAIM"" CHECKLIST",2825,"""More neural-network complexity automatically means better science.""",acknowledged_and_bounded,Recorded in the risk register and bounded as an explicit limitation or future experiment.,docs/ARGUS_X_DISPOSITION.md; docs/LIMITATIONS.md
BN11,BN,"FINAL ""DO-NOT-CLAIM"" CHECKLIST",2827,"""Multimodal automatically means novel.""",acknowledged_and_bounded,Recorded in the risk register and bounded as an explicit limitation or future experiment.,docs/ARGUS_X_DISPOSITION.md; docs/LIMITATIONS.md
BN12,BN,"FINAL ""DO-NOT-CLAIM"" CHECKLIST",2829,"""GNN automatically means physics-informed.""",acknowledged_and_bounded,Recorded in the risk register and bounded as an explicit limitation or future experiment.,docs/ARGUS_X_DISPOSITION.md; docs/LIMITATIONS.md
BN13,BN,"FINAL ""DO-NOT-CLAIM"" CHECKLIST",2831,"""A Transformer automatically provides superior performance.""",acknowledged_and_bounded,Recorded in the risk register and bounded as an explicit limitation or future experiment.,docs/ARGUS_X_DISPOSITION.md; docs/LIMITATIONS.md
BN14,BN,"FINAL ""DO-NOT-CLAIM"" CHECKLIST",2833,"""A small benchmark proves generalization.""",acknowledged_and_bounded,Recorded in the risk register and bounded as an explicit limitation or future experiment.,docs/ARGUS_X_DISPOSITION.md; docs/LIMITATIONS.md
BN15,BN,"FINAL ""DO-NOT-CLAIM"" CHECKLIST",2835,"""A single public dataset proves robustness.""",acknowledged_and_bounded,Recorded in the risk register and bounded as an explicit limitation or future experiment.,docs/ARGUS_X_DISPOSITION.md; docs/LIMITATIONS.md
BO1,BO,HIGHEST-PRIORITY PROBLEMS,2841,Sim-to-real gap.,partially_mitigated,A bounded software mechanism or test exists; broader robustness/generalization remains open.,docs/ARGUS_X_DISPOSITION.md
BO2,BO,HIGHEST-PRIORITY PROBLEMS,2843,Simplified/incorrect physics.,partially_mitigated,A bounded software mechanism or test exists; broader robustness/generalization remains open.,docs/ARGUS_X_DISPOSITION.md
BO3,BO,HIGHEST-PRIORITY PROBLEMS,2845,Weak uncertainty calibration.,partially_mitigated,A bounded software mechanism or test exists; broader robustness/generalization remains open.,docs/ARGUS_X_DISPOSITION.md
BO4,BO,HIGHEST-PRIORITY PROBLEMS,2847,Lack of OOD / abstention.,partially_mitigated,A bounded software mechanism or test exists; broader robustness/generalization remains open.,docs/ARGUS_X_DISPOSITION.md
BO5,BO,HIGHEST-PRIORITY PROBLEMS,2849,Single-defect limitation.,partially_mitigated,A bounded software mechanism or test exists; broader robustness/generalization remains open.,docs/ARGUS_X_DISPOSITION.md
BO6,BO,HIGHEST-PRIORITY PROBLEMS,2851,Location-only output.,partially_mitigated,A bounded software mechanism or test exists; broader robustness/generalization remains open.,docs/ARGUS_X_DISPOSITION.md
BO7,BO,HIGHEST-PRIORITY PROBLEMS,2853,Limited dataset diversity.,partially_mitigated,A bounded software mechanism or test exists; broader robustness/generalization remains open.,docs/ARGUS_X_DISPOSITION.md
BO8,BO,HIGHEST-PRIORITY PROBLEMS,2855,Weak real physical validation.,partially_mitigated,A bounded software mechanism or test exists; broader robustness/generalization remains open.,docs/ARGUS_X_DISPOSITION.md
BO9,BO,HIGHEST-PRIORITY PROBLEMS,2857,Weak statistical power.,partially_mitigated,A bounded software mechanism or test exists; broader robustness/generalization remains open.,docs/ARGUS_X_DISPOSITION.md
BO10,BO,HIGHEST-PRIORITY PROBLEMS,2859,Potential train/test leakage.,partially_mitigated,A bounded software mechanism or test exists; broader robustness/generalization remains open.,docs/ARGUS_X_DISPOSITION.md
BO11,BO,HIGHEST-PRIORITY PROBLEMS,2861,Handcrafted planner objective.,partially_mitigated,A bounded software mechanism or test exists; broader robustness/generalization remains open.,docs/ARGUS_X_DISPOSITION.md
BO12,BO,HIGHEST-PRIORITY PROBLEMS,2863,Incomplete physical cost model.,partially_mitigated,A bounded software mechanism or test exists; broader robustness/generalization remains open.,docs/ARGUS_X_DISPOSITION.md
BO13,BO,HIGHEST-PRIORITY PROBLEMS,2865,Incomplete risk model.,partially_mitigated,A bounded software mechanism or test exists; broader robustness/generalization remains open.,docs/ARGUS_X_DISPOSITION.md
BO14,BO,HIGHEST-PRIORITY PROBLEMS,2867,Sensor-failure robustness.,partially_mitigated,A bounded software mechanism or test exists; broader robustness/generalization remains open.,docs/ARGUS_X_DISPOSITION.md
BO15,BO,HIGHEST-PRIORITY PROBLEMS,2869,Environmental robustness.,partially_mitigated,A bounded software mechanism or test exists; broader robustness/generalization remains open.,docs/ARGUS_X_DISPOSITION.md
BO16,BO,HIGHEST-PRIORITY PROBLEMS,2871,Cross-panel generalization.,partially_mitigated,A bounded software mechanism or test exists; broader robustness/generalization remains open.,docs/ARGUS_X_DISPOSITION.md
BO17,BO,HIGHEST-PRIORITY PROBLEMS,2873,Cross-material generalization.,partially_mitigated,A bounded software mechanism or test exists; broader robustness/generalization remains open.,docs/ARGUS_X_DISPOSITION.md
BO18,BO,HIGHEST-PRIORITY PROBLEMS,2875,Cross-hardware generalization.,partially_mitigated,A bounded software mechanism or test exists; broader robustness/generalization remains open.,docs/ARGUS_X_DISPOSITION.md
BO19,BO,HIGHEST-PRIORITY PROBLEMS,2877,Unknown defect handling.,partially_mitigated,A bounded software mechanism or test exists; broader robustness/generalization remains open.,docs/ARGUS_X_DISPOSITION.md
BO20,BO,HIGHEST-PRIORITY PROBLEMS,2879,Defect severity/size/type estimation.,partially_mitigated,A bounded software mechanism or test exists; broader robustness/generalization remains open.,docs/ARGUS_X_DISPOSITION.md
BO21,BO,HIGHEST-PRIORITY PROBLEMS,2881,Digital-twin calibration.,partially_mitigated,A bounded software mechanism or test exists; broader robustness/generalization remains open.,docs/ARGUS_X_DISPOSITION.md
BO22,BO,HIGHEST-PRIORITY PROBLEMS,2883,Surrogate uncertainty.,partially_mitigated,A bounded software mechanism or test exists; broader robustness/generalization remains open.,docs/ARGUS_X_DISPOSITION.md
BO23,BO,HIGHEST-PRIORITY PROBLEMS,2885,Active sensing exploration/exploitation.,partially_mitigated,A bounded software mechanism or test exists; broader robustness/generalization remains open.,docs/ARGUS_X_DISPOSITION.md
BO24,BO,HIGHEST-PRIORITY PROBLEMS,2887,Multi-step planning.,partially_mitigated,A bounded software mechanism or test exists; broader robustness/generalization remains open.,docs/ARGUS_X_DISPOSITION.md
BO25,BO,HIGHEST-PRIORITY PROBLEMS,2889,True closed-loop hardware demonstration.,partially_mitigated,A bounded software mechanism or test exists; broader robustness/generalization remains open.,docs/ARGUS_X_DISPOSITION.md
BO26,BO,HIGHEST-PRIORITY PROBLEMS,2891,End-to-end latency.,partially_mitigated,A bounded software mechanism or test exists; broader robustness/generalization remains open.,docs/ARGUS_X_DISPOSITION.md
BO27,BO,HIGHEST-PRIORITY PROBLEMS,2893,Reproducibility.,partially_mitigated,A bounded software mechanism or test exists; broader robustness/generalization remains open.,docs/ARGUS_X_DISPOSITION.md
BO28,BO,HIGHEST-PRIORITY PROBLEMS,2895,Strong baseline comparison.,partially_mitigated,A bounded software mechanism or test exists; broader robustness/generalization remains open.,docs/ARGUS_X_DISPOSITION.md
BO29,BO,HIGHEST-PRIORITY PROBLEMS,2897,Ablation study completeness.,partially_mitigated,A bounded software mechanism or test exists; broader robustness/generalization remains open.,docs/ARGUS_X_DISPOSITION.md
BO30,BO,HIGHEST-PRIORITY PROBLEMS,2899,Literature novelty verification.,partially_mitigated,A bounded software mechanism or test exists; broader robustness/generalization remains open.,docs/ARGUS_X_DISPOSITION.md
BP1,BP,"""KILLER RESEARCH QUESTIONS""",2905,Can adaptive sensing reach a target defect-localization accuracy with fewer physical measurements than fixed-grid inspection?,acknowledged_and_bounded,Recorded in the risk register and bounded as an explicit limitation or future experiment.,docs/ARGUS_X_DISPOSITION.md; docs/LIMITATIONS.md
BP2,BP,"""KILLER RESEARCH QUESTIONS""",2908,Can physics-informed learning reduce sim-to-real degradation?,acknowledged_and_bounded,Recorded in the risk register and bounded as an explicit limitation or future experiment.,docs/ARGUS_X_DISPOSITION.md; docs/LIMITATIONS.md
BP3,BP,"""KILLER RESEARCH QUESTIONS""",2910,Can the system remain calibrated under environmental shift?,acknowledged_and_bounded,Recorded in the risk register and bounded as an explicit limitation or future experiment.,docs/ARGUS_X_DISPOSITION.md; docs/LIMITATIONS.md
BP4,BP,"""KILLER RESEARCH QUESTIONS""",2912,Can the system reliably abstain on unknown defects?,acknowledged_and_bounded,Recorded in the risk register and bounded as an explicit limitation or future experiment.,docs/ARGUS_X_DISPOSITION.md; docs/LIMITATIONS.md
BP5,BP,"""KILLER RESEARCH QUESTIONS""",2914,Can the system detect and compensate for sensor faults?,acknowledged_and_bounded,Recorded in the risk register and bounded as an explicit limitation or future experiment.,docs/ARGUS_X_DISPOSITION.md; docs/LIMITATIONS.md
BP6,BP,"""KILLER RESEARCH QUESTIONS""",2916,Can the system localize multiple defects?,acknowledged_and_bounded,Recorded in the risk register and bounded as an explicit limitation or future experiment.,docs/ARGUS_X_DISPOSITION.md; docs/LIMITATIONS.md
BP7,BP,"""KILLER RESEARCH QUESTIONS""",2918,Can the system estimate defect size and severity?,acknowledged_and_bounded,Recorded in the risk register and bounded as an explicit limitation or future experiment.,docs/ARGUS_X_DISPOSITION.md; docs/LIMITATIONS.md
BP8,BP,"""KILLER RESEARCH QUESTIONS""",2920,"Can the planner optimize information, risk and physical cost jointly?",acknowledged_and_bounded,Recorded in the risk register and bounded as an explicit limitation or future experiment.,docs/ARGUS_X_DISPOSITION.md; docs/LIMITATIONS.md
BP9,BP,"""KILLER RESEARCH QUESTIONS""",2922,Can a learned planner outperform a handcrafted Bayesian planner?,acknowledged_and_bounded,Recorded in the risk register and bounded as an explicit limitation or future experiment.,docs/ARGUS_X_DISPOSITION.md; docs/LIMITATIONS.md
BP10,BP,"""KILLER RESEARCH QUESTIONS""",2924,Can a fast learned surrogate replace expensive forward simulation without changing experiment-selection decisions?,acknowledged_and_bounded,Recorded in the risk register and bounded as an explicit limitation or future experiment.,docs/ARGUS_X_DISPOSITION.md; docs/LIMITATIONS.md
BP11,BP,"""KILLER RESEARCH QUESTIONS""",2927,Can real-world performance improve using few-shot / unlabeled adaptation?,acknowledged_and_bounded,Recorded in the risk register and bounded as an explicit limitation or future experiment.,docs/ARGUS_X_DISPOSITION.md; docs/LIMITATIONS.md
BP12,BP,"""KILLER RESEARCH QUESTIONS""",2929,Can the system preserve reliability under unseen structures?,acknowledged_and_bounded,Recorded in the risk register and bounded as an explicit limitation or future experiment.,docs/ARGUS_X_DISPOSITION.md; docs/LIMITATIONS.md
BP13,BP,"""KILLER RESEARCH QUESTIONS""",2931,Can the entire inspection loop operate autonomously on real hardware?,acknowledged_and_bounded,Recorded in the risk register and bounded as an explicit limitation or future experiment.,docs/ARGUS_X_DISPOSITION.md; docs/LIMITATIONS.md
BP14,BP,"""KILLER RESEARCH QUESTIONS""",2933,Can the system provide calibrated uncertainty rather than heuristic confidence?,acknowledged_and_bounded,Recorded in the risk register and bounded as an explicit limitation or future experiment.,docs/ARGUS_X_DISPOSITION.md; docs/LIMITATIONS.md
BP15,BP,"""KILLER RESEARCH QUESTIONS""",2936,Can the system determine when it should NOT make a prediction?,acknowledged_and_bounded,Recorded in the risk register and bounded as an explicit limitation or future experiment.,docs/ARGUS_X_DISPOSITION.md; docs/LIMITATIONS.md
BQ1,BQ,THE FINAL SYSTEM REQUIREMENTS WE SHOULD AIM FOR,2942,Detect healthy vs damaged.,implemented_and_tested,Executable software control; scope remains research-only.,docs/ARGUS_X_DISPOSITION.md; backend/app; frontend/components
BQ2,BQ,THE FINAL SYSTEM REQUIREMENTS WE SHOULD AIM FOR,2944,Localize damage.,implemented_and_tested,Executable software control; scope remains research-only.,docs/ARGUS_X_DISPOSITION.md; backend/app; frontend/components
BQ3,BQ,THE FINAL SYSTEM REQUIREMENTS WE SHOULD AIM FOR,2946,Detect multiple defects.,partially_mitigated,A bounded software mechanism or test exists; broader robustness/generalization remains open.,docs/ARGUS_X_DISPOSITION.md; backend/app; frontend/components
BQ4,BQ,THE FINAL SYSTEM REQUIREMENTS WE SHOULD AIM FOR,2948,Classify defect type.,partially_mitigated,A bounded software mechanism or test exists; broader robustness/generalization remains open.,docs/ARGUS_X_DISPOSITION.md; backend/app; frontend/components
BQ5,BQ,THE FINAL SYSTEM REQUIREMENTS WE SHOULD AIM FOR,2950,Estimate defect size.,partially_mitigated,A bounded software mechanism or test exists; broader robustness/generalization remains open.,docs/ARGUS_X_DISPOSITION.md; backend/app; frontend/components
BQ6,BQ,THE FINAL SYSTEM REQUIREMENTS WE SHOULD AIM FOR,2952,Estimate defect severity.,partially_mitigated,A bounded software mechanism or test exists; broader robustness/generalization remains open.,docs/ARGUS_X_DISPOSITION.md; backend/app; frontend/components
BQ7,BQ,THE FINAL SYSTEM REQUIREMENTS WE SHOULD AIM FOR,2954,Produce calibrated uncertainty.,implemented_and_tested,Executable software control; scope remains research-only.,docs/ARGUS_X_DISPOSITION.md; backend/app; frontend/components
BQ8,BQ,THE FINAL SYSTEM REQUIREMENTS WE SHOULD AIM FOR,2956,Detect OOD cases.,implemented_and_tested,Executable software control; scope remains research-only.,docs/ARGUS_X_DISPOSITION.md; backend/app; frontend/components
BQ9,BQ,THE FINAL SYSTEM REQUIREMENTS WE SHOULD AIM FOR,2958,Abstain when uncertain.,implemented_and_tested,Executable software control; scope remains research-only.,docs/ARGUS_X_DISPOSITION.md; backend/app; frontend/components
BQ10,BQ,THE FINAL SYSTEM REQUIREMENTS WE SHOULD AIM FOR,2960,Detect sensor faults.,implemented_and_tested,Executable software control; scope remains research-only.,docs/ARGUS_X_DISPOSITION.md; backend/app; frontend/components
BQ11,BQ,THE FINAL SYSTEM REQUIREMENTS WE SHOULD AIM FOR,2962,Estimate sensor reliability.,implemented_and_tested,Executable software control; scope remains research-only.,docs/ARGUS_X_DISPOSITION.md; backend/app; frontend/components
BQ12,BQ,THE FINAL SYSTEM REQUIREMENTS WE SHOULD AIM FOR,2964,Adapt to environmental conditions.,partially_mitigated,A bounded software mechanism or test exists; broader robustness/generalization remains open.,docs/ARGUS_X_DISPOSITION.md; backend/app; frontend/components
BQ13,BQ,THE FINAL SYSTEM REQUIREMENTS WE SHOULD AIM FOR,2966,Adapt from simulation to reality.,partially_mitigated,A bounded software mechanism or test exists; broader robustness/generalization remains open.,docs/ARGUS_X_DISPOSITION.md; backend/app; frontend/components
BQ14,BQ,THE FINAL SYSTEM REQUIREMENTS WE SHOULD AIM FOR,2968,Adapt between structures.,partially_mitigated,A bounded software mechanism or test exists; broader robustness/generalization remains open.,docs/ARGUS_X_DISPOSITION.md; backend/app; frontend/components
BQ15,BQ,THE FINAL SYSTEM REQUIREMENTS WE SHOULD AIM FOR,2970,Choose the next experiment.,implemented_and_tested,Executable software control; scope remains research-only.,docs/ARGUS_X_DISPOSITION.md; backend/app; frontend/components
BQ16,BQ,THE FINAL SYSTEM REQUIREMENTS WE SHOULD AIM FOR,2972,Choose experiment geometry.,implemented_and_tested,Executable software control; scope remains research-only.,docs/ARGUS_X_DISPOSITION.md; backend/app; frontend/components
BQ17,BQ,THE FINAL SYSTEM REQUIREMENTS WE SHOULD AIM FOR,2974,Choose frequency.,implemented_and_tested,Executable software control; scope remains research-only.,docs/ARGUS_X_DISPOSITION.md; backend/app; frontend/components
BQ18,BQ,THE FINAL SYSTEM REQUIREMENTS WE SHOULD AIM FOR,2976,Choose waveform.,implemented_and_tested,Executable software control; scope remains research-only.,docs/ARGUS_X_DISPOSITION.md; backend/app; frontend/components
BQ19,BQ,THE FINAL SYSTEM REQUIREMENTS WE SHOULD AIM FOR,2978,Choose sensing modality where applicable.,partially_mitigated,A bounded software mechanism or test exists; broader robustness/generalization remains open.,docs/ARGUS_X_DISPOSITION.md; backend/app; frontend/components
BQ20,BQ,THE FINAL SYSTEM REQUIREMENTS WE SHOULD AIM FOR,2980,Account for physical cost.,implemented_and_tested,Executable software control; scope remains research-only.,docs/ARGUS_X_DISPOSITION.md; backend/app; frontend/components
BQ21,BQ,THE FINAL SYSTEM REQUIREMENTS WE SHOULD AIM FOR,2982,Account for safety risk.,implemented_and_tested,Executable software control; scope remains research-only.,docs/ARGUS_X_DISPOSITION.md; backend/app; frontend/components
BQ22,BQ,THE FINAL SYSTEM REQUIREMENTS WE SHOULD AIM FOR,2984,Avoid redundant experiments.,implemented_and_tested,Executable software control; scope remains research-only.,docs/ARGUS_X_DISPOSITION.md; backend/app; frontend/components
BQ23,BQ,THE FINAL SYSTEM REQUIREMENTS WE SHOULD AIM FOR,2986,Stop when evidence is sufficient.,implemented_and_tested,Executable software control; scope remains research-only.,docs/ARGUS_X_DISPOSITION.md; backend/app; frontend/components
BQ24,BQ,THE FINAL SYSTEM REQUIREMENTS WE SHOULD AIM FOR,2988,Explain why the next measurement was chosen.,implemented_and_tested,Executable software control; scope remains research-only.,docs/ARGUS_X_DISPOSITION.md; backend/app; frontend/components
BQ25,BQ,THE FINAL SYSTEM REQUIREMENTS WE SHOULD AIM FOR,2990,Explain why the system stopped.,implemented_and_tested,Executable software control; scope remains research-only.,docs/ARGUS_X_DISPOSITION.md; backend/app; frontend/components
BQ26,BQ,THE FINAL SYSTEM REQUIREMENTS WE SHOULD AIM FOR,2992,Explain why it abstained.,implemented_and_tested,Executable software control; scope remains research-only.,docs/ARGUS_X_DISPOSITION.md; backend/app; frontend/components
BQ27,BQ,THE FINAL SYSTEM REQUIREMENTS WE SHOULD AIM FOR,2994,Operate under sensor failure.,implemented_and_tested,Executable software control; scope remains research-only.,docs/ARGUS_X_DISPOSITION.md; backend/app; frontend/components
BQ28,BQ,THE FINAL SYSTEM REQUIREMENTS WE SHOULD AIM FOR,2996,Operate with realistic environmental variation.,partially_mitigated,A bounded software mechanism or test exists; broader robustness/generalization remains open.,docs/ARGUS_X_DISPOSITION.md; backend/app; frontend/components
BQ29,BQ,THE FINAL SYSTEM REQUIREMENTS WE SHOULD AIM FOR,2998,Work with a real physical prototype.,partially_mitigated,A bounded software mechanism or test exists; broader robustness/generalization remains open.,docs/ARGUS_X_DISPOSITION.md; backend/app; frontend/components
BQ30,BQ,THE FINAL SYSTEM REQUIREMENTS WE SHOULD AIM FOR,3000,Provide a complete audit trail.,implemented_and_tested,Executable software control; scope remains research-only.,docs/ARGUS_X_DISPOSITION.md; backend/app; frontend/components
BQ31,BQ,THE FINAL SYSTEM REQUIREMENTS WE SHOULD AIM FOR,3002,Provide real-time inference.,partially_mitigated,A bounded software mechanism or test exists; broader robustness/generalization remains open.,docs/ARGUS_X_DISPOSITION.md; backend/app; frontend/components
BQ32,BQ,THE FINAL SYSTEM REQUIREMENTS WE SHOULD AIM FOR,3004,Provide reproducible benchmarks.,implemented_and_tested,Executable software control; scope remains research-only.,docs/ARGUS_X_DISPOSITION.md; backend/app; frontend/components
BQ33,BQ,THE FINAL SYSTEM REQUIREMENTS WE SHOULD AIM FOR,3006,Provide statistical uncertainty in results.,implemented_and_tested,Executable software control; scope remains research-only.,docs/ARGUS_X_DISPOSITION.md; backend/app; frontend/components
BQ34,BQ,THE FINAL SYSTEM REQUIREMENTS WE SHOULD AIM FOR,3008,Demonstrate cross-domain generalization.,partially_mitigated,A bounded software mechanism or test exists; broader robustness/generalization remains open.,docs/ARGUS_X_DISPOSITION.md; backend/app; frontend/components
BQ35,BQ,THE FINAL SYSTEM REQUIREMENTS WE SHOULD AIM FOR,3010,Demonstrate blind physical validation. END OF MASTER INVENTORY,partially_mitigated,A bounded software mechanism or test exists; broader robustness/generalization remains open.,docs/ARGUS_X_DISPOSITION.md; backend/app; frontend/components
